NO,NAMA RUMAH,HARGA,LB,LT,KT,KM,GRS
1,"Rumah Murah Hook Tebet Timur, Tebet, Jakarta Selatan",3800000000,220,220,3,3,0
2,"Rumah Modern di Tebet dekat Stasiun, Tebet, Jakarta Selatan",4600000000,180,137,4,3,2
3,"Rumah Mewah 2 Lantai Hanya 3 Menit Ke Tebet, Tebet, Jakarta Selatan",3000000000,267,250,4,4,4
4,"Rumah Baru Tebet, Tebet, Jakarta Selatan",430000000,40,25,2,2,0
5,"Rumah Bagus Tebet komp Gudang Peluru lt 350m, Tebet, Jakarta Selatan",9000000000,400,355,6,5,3
6,"Rumah Mewah Modern Murah 3 lantai di Tebet Jakarta Selatan, Tebet, Jakarta Selatan",4970000000,300,154,5,3,3
7,"Rumah lama di Tebet, dekat MT Haryono dan tol dalam kota, jalan 1 mobil hanya 30M dr jln besar, Tebet, Jakarta Selatan",2600000000,120,150,3,2,1
8,"RUMAH BAGUS KEREN JALAN LEBAR DI AREA & KAWASAN TERBAIK TEBET, Tebet, Jakarta Selatan",10500000000,350,247,4,4,0
9,"Minimalis Baru Jalan 1 Mobil Akses Mudah Dekat ke Jalan Lebar, Tebet, Jakarta Selatan",3250000000,125,90,3,3,0
10,"Minimalis Baru Jalan 2 Mobil Tebet Timur, Tebet, Jakarta Selatan",4500000000,250,96,5,4,1
11,"Brand New house di Tebet Barat, Tebet, Jakarta Selatan",3600000000,154,110,3,3,3
12,"Rumah Mewah di TEBET, Tebet, Jakarta Selatan",9500000000,450,240,4,4,1
13,"Rumah bagus di tebet, jakarta selatan, Tebet, Jakarta Selatan",10500000000,218,118,3,3,2
14,"#BAWAHNJOP#MURAH#CASHONLY#LELANG# RUMAH ASEM BARIS RAYAI COCOK UNTUK USAHA DEKAT SAAS, Tebet, Jakarta Selatan",12500000000,200,979,4,2,6
15,"Rukan Baru Siap Pakai di Tebet Jakarta Selatan, Tebet, Jakarta Selatan",4600000000,180,137,5,4,2
16,"Rumah bebas banjir di kebon baru tebet, Tebet, Jakarta Selatan",3000000000,126,144,4,2,2
17,"Rumah jalan 2 mobil, Tebet, Jakarta Selatan",6000000000,400,150,5,4,1
18,"Rumah standard hitung tanah di tebet dalam jakarta selatan, Tebet, Jakarta Selatan",7500000000,150,253,5,2,2
19,"RUMAH MEWAH CANTIK DI MENTENG DALAM TEBET JAKARTA SELATAN, Tebet, Jakarta Selatan",18000000000,200,251,5,3,3
20,"BRAND NEW 3 LANTAI DENGAN FASILITAS KOLAM RENANG DI TEBET - JAKSEL, Tebet, Jakarta Selatan",9700000000,450,248,5,5,4
21,"Rumah mewah 2 Lantai Murah full furnished bebas banjir di lokasi strategis rasamala tebet jakarta selatan, Tebet, Jakarta Selatan",14000000000,300,700,8,5,2
22,"Rumah di Tebet timur, Tebet, Jakarta Selatan",8000000000,315,218,7,3,2
23,"Rumah di Tebet, kebon baru, Tebet, Jakarta Selatan",700000000,75,75,2,3,0
24,"Rumah di Tebet , kebon baru , jakarta selatan, Tebet, Jakarta Selatan",5500000000,350,230,5,5,3
25,"Rumah 1.5 Lt Di Asem Baris Tebet Jakarta Selatan, Tebet, Jakarta Selatan",11000000000,650,695,9,6,2
26,"Rumah siap huni, Tebet, Jakarta Selatan",4000000000,250,199,8,2,2
27,"Rumah Baru, Bagus, di tebet Barat, Jajarta Selatan, Tebet, Jakarta Selatan",3900000000,210,130,3,4,2
28,"Rumah Minimalis Plus Mini Swimming Pool , Tebet, Tebet, Jakarta Selatan",6500000000,300,200,5,5,4
29,"Rumah Bagus Siap Huni, Tebet, Jakarta Selatan",5800000000,175,200,6,4,2
30,"Rumah Brand New Minimalis Elegan 2 Lantai Lokasi Strategis 5 Menit Ke Stasiun di Tebet, Tebet, Jakarta Selatan",3200000000,140,110,3,3,2
31,"Rumah Daerah Tebet, Tebet, Jakarta Selatan",8800000000,400,230,5,5,2
32,"Rumah Mewah Furnished Tebet Barat Swimming Poll Akses Patra Kuningan, Tebet, Jakarta Selatan",42000000000,900,600,7,7,1
33,"Rumah pinggir jalan daerah tebet masuk mobil, Tebet, Jakarta Selatan",1100000000,102,102,2,1,0
34,"Rumah mewah hook siap huni dan terawat di gudang peluru tebet, Tebet, Jakarta Selatan",10900000000,646,428,5,5,2
35,"Rumah tebet, Tebet, Jakarta Selatan",3600000000,145,200,8,8,1
36,"Rumah baru Minimalis, Tebet, Jakarta Selatan",4000000000,220,120,4,4,3
37,"Rumah mewah murah dalam komplek di tebet, Tebet, Jakarta Selatan",6000000000,325,222,6,5,0
38,"Rumah Minimalis 3 Lantai lokasi strategis bebas banjir ada mini kolam renang di tebet jakarta selatan, Tebet, Jakarta Selatan",6500000000,300,200,5,5,1
39,"Rumah Siap Huni Hadap Timur di Tebet, Tebet, Jakarta Selatan",4500000000,250,154,6,3,1
40,"Rumah Minimalis di Tebet Jakarta Selatan, Tebet, Jakarta Selatan",4500000000,247,105,5,5,1
41,"rumah 2 lantai , jalan depan 1 mobil , SHM , Tebet timur , Jakarta Selatan, Tebet, Jakarta Selatan",4000000000,200,140,4,4,2
42,"FATHUR TEBET RUMAH BAGUS lt 90m2 LOKASI BAGUS. HUB FATHUR:0818398080, Tebet, Jakarta Selatan",2600000000,150,90,3,2,2
43,"Rumah tua layak huni, HITUNG TANAH di Tebet Barat, Jakarta Selatan, Tebet, Jakarta Selatan",5500000000,210,239,8,5,1
44,"Di Juaal Cepat Rumah Mewah Di Menteng Dalam Fully Furnished dan Bangun Kualitas Terbaik hrg 15 M, Tebet, Jakarta Selatan",15000000000,339,643,7,5,5
45,"Rumah 2 Lt bagus dan TERMURAH Akses Jalan 2 Mobil di Tebet Utara, Tebet, jakarta Selatan, Tebet, Jakarta Selatan",3500000000,190,100,5,4,2
46,"Rumah tebet jakarta selatan, Tebet, Jakarta Selatan",6000000000,450,240,9,9,0
47,"RUMAH MURAH DI JAKARTA SELATAN, Tebet, Jakarta Selatan",8000000000,300,232,6,5,0
48,"Rumah Layak Huni, Tebet, Jakarta Selatan",9500000000,352,305,4,3,0
49,"Rumah Modern Minimalis 3 Lantai Full Furnished di Tebet Jakarta Selatan, Tebet, Jakarta Selatan",4300000000,135,146,6,6,1
50,"TEBET RUMAH MURAH 135m HUB FATHUR: 0818398080-PR 22726, Tebet, Jakarta Selatan",3800000000,200,135,3,4,0
51,"Rumah baru & mewah di Tebet Jaksel, Tebet, Jakarta Selatan",41000000000,850,600,7,7,0
52,"Rumah Tebet Dalam Jakarta Selatan, Tebet, Jakarta Selatan",4000000000,190,175,4,2,1
53,"rumah lama layak huni strategis dekat jalan tebet raya, Tebet, Jakarta Selatan",2500000000,120,90,4,1,1
54,"Rumah Huk, Tebet ,SHM+IMB ,menteng dalem , jakarta Selatan, Tebet, Jakarta Selatan",4750000000,180,196,5,5,1
55,"Rumah di tebet, Jakarta Selatan, dekat tol, Tebet, Jakarta Selatan",23000000000,750,610,8,6,4
56,"Rumah Cantik 3 Lt @Brand New Akses Jalan 2 Mobil TERMURAH di Tebet Timur, Tebet, Jakarta Selatan",4400000000,250,96,6,5,2
57,"Rumah cantik, minimalis , strategis & murah di Tebet, Tebet, Jakarta Selatan",4500000000,220,140,5,4,2
58,"hunian asri diselatan jakarta, Tebet, Jakarta Selatan",5000000000,250,180,5,3,2
59,"Rumah Mewah Cantik Asri Siap Huni Di Gudang Peluru Tebet Jakarta Selatan, Tebet, Jakarta Selatan",13000000000,200,393,5,3,1
60,"Rumah ditebet barat1, Tebet, Jakarta Selatan",4150000000,216,135,5,4,1
61,"Rumah Tebet Barat Dalam XB, Tebet, Jakarta Selatan",3800000000,260,130,6,3,2
62,"Rumah Tercantik dilokasi strategis, Tebet, Jakarta Selatan",18000000000,300,410,5,3,0
63,"Rumah Bagus dan Minimalis Tebet, Tebet, Jakarta Selatan",8100000000,245,240,3,3,2
64,"Rumah terawat siap huni bagus jalanan dua mobil di Tebet, Tebet, Jakarta Selatan",5250000000,147,108,4,3,2
65,"Rumah Asri Dan Sangat Strateaigis Di Tebet, Tebet, Jakarta Selatan",4500000000,120,145,6,4,2
66,"Rumah Lokasi Strategis Dekat Jalan Raya di Tebet, Tebet, Jakarta Selatan",6200000000,170,200,8,5,2
67,"rumah tebet, bonus apartemen dan mobil, Tebet, Jakarta Selatan",6500000000,250,200,6,3,2
68,"Rumah Baru Murah di Tebet Timur Jakarta Selatan, Tebet, Jakarta Selatan",3500000000,170,112,4,5,2
69,"Rumah Terawat Akses One Get One, Tebet, Jakarta Selatan",3199000000,150,149,3,2,0
70,"Rumah Tebet Jalan 2 Mobil Lokasi Strategis, Tebet, Jakarta Selatan",3200000000,150,130,3,2,1
71,"RUMAH BARU MURAH SIAP HUNI DI TEBET TIMUR JAKRTA - YUNIA , 081282940124, Tebet, Jakarta Selatan",3799000000,200,130,3,3,1
72,"Rumah Bagus, Siap Huni, Tebet, Jakarta Selatan",6000000000,250,198,7,4,2
73,"Rumah Second Hook Lokasi Premium Di Tebet - YUNIA 081282940124, Tebet, Jakarta Selatan",9790000000,403,393,5,3,2
74,"rumah tinggal tempati., Tebet, Jakarta Selatan",5500000000,170,270,6,3,1
75,"Rumah Tebet Murah Lokasi Strategis Ramai Jakarta Selatan, Tebet, Jakarta Selatan",3350000000,120,135,4,3,1
76,"rumah dua lantai kebon baru TEBET JAKARTA SELATAN, Tebet, Jakarta Selatan",750000000,78,80,3,2,0
77,"RUMAH TEBET 165m2 SIAP HUNI HUB : 081280069222 FIFI PR-15815, Tebet, Jakarta Selatan",3500000000,250,165,6,4,2
78,"Rumah Baru Minimalis daerah Tebet Timur, Tebet, Jakarta Selatan",4700000000,180,137,4,3,2
79,"Rumah baru 2 lantai siap huni di tebet dengan harga terjangkau, Tebet, Jakarta Selatan",3500000000,170,112,3,4,1
80,"RUMAH KOKOH AMAN DAN STRATEGIS DI TEBET, Tebet, Jakarta Selatan",2850000000,160,90,4,2,1
81,"Rumah baru di Tebet Posisi hoek, Tebet, Jakarta Selatan",3500000000,160,110,3,3,2
82,"rumah cantik di Tebet, Tebet, Jakarta Selatan",3100000000,120,137,5,2,0
83,"Rumah Tebet Mas Indah, Tebet, Jakarta Selatan, Tebet, Jakarta Selatan",13000000000,196,245,7,3,1
84,"Rumah 2 lantai ber carport 2 SHM di tebet jakarta selatan, Tebet, Jakarta Selatan",4300000000,170,112,4,5,2
85,"Tebet Rumah Siap Huni Aman Dalam Komplek, Tebet, Jakarta Selatan",5500000000,180,140,3,4,0
86,"Rumah Mewah 2 Lantai Siap Huni Desain Apik Di Tebet Barat Jakarta Selatan, Tebet, Jakarta Selatan",6750000000,350,210,4,4,1
87,"Rumah Lokasi Strategis Di Tebet, Tebet, Jakarta Selatan",3200000000,200,104,4,3,1
88,"Dijual Rumah Siap Huni di Komp Gudang Peluru, Tebet, Jakarta Selatan lt 282m2, Lebar Jalan 3 Mobil,Hubungi 0813-1838-1838 / 0878-7838-1838., Tebet, Jakarta Selatan",8250000000,460,282,6,5,2
89,"Rumah Tebet Dekat Stasiun Tebet, Tebet, Jakarta Selatan",3250000000,150,130,5,2,1
90,"Rumah Tebet, Tebet, Jakarta Selatan",3499000000,110,150,3,2,0
91,"Rumah Minimalis di Tebet Jakarta Selatan, Tebet, Jakarta Selatan",5000000000,330,335,8,4,1
92,"Rumah Mewah di Tebet Barat Jakarta Selatan, Tebet, Jakarta Selatan",9500000000,445,247,6,5,2
93,"Rumah second semi cluster di Tebet Timur Dalam Jaksel, Tebet, Jakarta Selatan",3400000000,140,104,4,3,1
94,"Rumah Bagus,Cantik Sangat Murah, Tebet, Jakarta Selatan",5000000000,325,160,9,6,2
95,"Rumah Di Kebon Baru, Tebet, Tebet, Jakarta Selatan",5600000000,250,225,5,3,2
96,"BEST PRICE Rumah di Tebet, akses jalan 2 mobil, Jakarta Selatan, Tebet, Jakarta Selatan",4500000000,180,135,4,3,1
97,"Rumah strategis di Kebon baru, Tebet, Jakarta Selatan",10800000000,500,400,6,5,3
98,"Rumah Termurah di Tebet Utara Jakarta Selatan, Tebet, Jakarta Selatan",2600000000,210,91,5,4,1
99,"Rumah Murah dibawah harga dekat Mal Kota Casablanca Jakarta Selatan, Tebet, Jakarta Selatan",3600000000,180,127,4,4,1
100,"brand new rumah minimalis di tebet dekat sekolah dan TOl, Tebet, Jakarta Selatan",3450000000,170,112,3,4,2
101,"Rumah 1,5 Lantai di Tebet Timur Jakarta Selatan, Tebet, Jakarta Selatan",7400000000,200,257,4,3,1
102,"Rumah Bagus di Menteng Dalam, Tebet, Jakarta Selatan",10000000000,400,282,8,4,3
103,"Rumah mewah bebas banjir murah di tebet, Tebet, Jakarta Selatan",15000000000,800,1225,6,9,2
104,"Rumah di tebet utara lt752 pinggir jalan raya, Tebet, Jakarta Selatan",30000000000,800,752,6,4,0
105,"Rumah minimalis di Tebet, Tebet, Jakarta Selatan",3500000000,170,108,5,3,3
106,"rumah siap huni 2lantai akses jalan 2mobil di asembaris tebet, Tebet, Jakarta Selatan",1700000000,100,80,3,2,0
107,"Rumah Strategis Dan Minimalis Di Tebet, Tebet, Jakarta Selatan",3500000000,250,141,5,3,2
108,"rumah siap huni akses jalan 2motor lokasi asembaris, Tebet, Jakarta Selatan",1300000000,100,90,3,2,0
109,"Rumah Tebet Barat 2Lantai siap huni strategis area!, Tebet, Jakarta Selatan",2800000000,160,90,5,3,1
110,"Rumah Cozy Interior Cantik Dekat Ke Jalan Raya di Kebon Baru Tebet, Tebet, Jakarta Selatan",5000000000,325,160,5,5,0
111,"Butuh Cepat, Rumah Bagus Di Tebet, Tebet, Jakarta Selatan",3200000000,150,80,5,3,1
112,"Rumah Siap Huni di Jl Tebet Raya,Lingkungan Tenang dan Nyaman, Untuk informasi lebih lanjut Hubungi 0813-1838-1838 / 0878-7838-1838, Tebet, Jakarta Selatan",11000000000,275,305,5,3,1
113,"Rumah bagus Full Furnish, Tebet, Jakarta Selatan",5000000000,320,150,5,5,1
114,"Rumah Bagus di Tebet Barat, Jakarta - Selatan, Tebet, Jakarta Selatan",2200000000,70,98,2,1,0
115,"Rumah Tua Di Tebet, Tebet, Jakarta Selatan",5600000000,156,192,5,2,2
116,Dijual Sangat Murah Rumah Di Tebet Timur Lokasi Premium Dan Strategis - Jakarta Selatan,3800000000,211,180,5,4,3
117,Rumah Lama Tebet Timur,4000000000,200,146,3,1,1
118,"Edisi Turun Harga Masa Covid19 BU Rumah Mewah di Menteng Dalam, Tebet, Jakarta Selatan. Full Furnish",15000000000,800,692,5,4,4
119,Rumah Dijual Tebet,3850000000,200,130,4,4,2
120,Rumah Siap Huni Jln 2 Mbl Nyaman,4200000000,160,140,4,3,2
121,TEBET BARAT - Rumah Besar Akses 2 Mobil. SHM,5990000000,350,210,5,4,3
122,Rumah siap huni di tebet timur jakarta selatan,4000000000,180,152,4,3,2
123,Rumah baru lux furnish di kawasan elit tebet jakarta selatan,42000000000,850,600,5,5,5
124,Rumah Baru Di Tebet,9500000000,340,240,4,3,2
125,Rumah siap huni baru di tebet jakarta selatan,4000000000,190,140,4,4,2
126,"Di Kebun Baru Rumah Terawat, Area Strategis",4000000000,139,230,4,4,1
127,Di jual Rumah Cantik Bangunan 2 Lantai di Tebet,7000000000,400,282,8,4,3
128,Rumah Tua di Tebet,4525000000,100,161,4,2,1
129,Di Jual Cepat Rumah Mewah Konsep Minimalis Modern Di Tebet Jak Sel,25000000000,485,550,5,6,2
130,Rumah Huni Di Kawasan Utama Tebet,19900000000,346,450,5,5,2
131,Rumah Lama Jalan Lebar,15000000000,400,578,6,3,2
132,Tebet Rumah Harga Menarik Jalan Dua Mobil Dekat Kasan Kuliner Tebet,3600000000,170,146,3,3,1
133,"Dijual Rumah Cantik Murah Siap Huni Di Tebet Timur, Tebet Jakarta Selatan",3950000000,200,148,4,3,1
134,Dijual Rumah Brand New di Jl Tebet Timur Dalam,3900000000,200,130,3,2,2
135,"TEBET - Siap Huni di Jalan 1 Mobil, Bagus",3850000000,236,137,4,3,2
136,Dijual Rumah Lokasi Sangat Strategis,9200000000,450,695,8,6,2
137,"TEBET Akses 3 Mobil, Rumah Siap Huni",5950000000,220,200,3,3,2
138,Dijual Cepat rumah di Bukit Duri Tebet SHM,7500000000,500,280,4,4,1
139,Dijual Rumah Tebet Timur Lokasi Premium Nyaman Dekat Taman Honda Jalan 1 Mobil,3100000000,200,103,3,3,1
140,Dijual Rumah Second Siap Huni Strategis di Tebet Jaksel,7000000000,400,182,4,3,2
141,Rumah Tua Hitung Tanah di menteng Dalam Tebet,25000000000,550,840,5,3,6
142,Dijual Rumah di Tebet,11000000000,280,344,3,3,2
143,Rumah baru siap huni di tebet jakarta selatan,4350000000,180,132,4,3,2
144,"Rumah Di Asem Baris, Tebet",25000000000,355,1069,5,4,4
145,Rumah Cantik Menawan Siap Huni Di Tebet Timur Jakarta Selatan,4300000000,250,155,5,3,2
146,TEBET Rumah Mewah Siap Huni Lingkungan Aman dan Nyaman,8800000000,400,230,6,6,2
147,"3 Bedrooms House Tebet, Jakarta Selatan, DKI Jakarta",13000000000,216,384,3,3,2
148,Di Jual Rumah Brand New Di Tebet,4700000000,250,150,4,3,2
149,TEBET Rumah Baru Siap Huni Jalan Dua Mobil Lebar Dekat Jalan Raya,7200000000,250,161,3,3,2
150,"Dijual Cepat Rumah Minimalis Modern siap huni Di Kebon Baru, Tebet Jakarta Selatan",3500000000,192,120,5,4,2
151,TEBET Rumah Mewah dan Terawat Lokasi Premium Akses Mudah Jalan Tiga Mobil,7900000000,380,225,5,3,2
152,"TEBET MENTENG DALAM - Rumah Cantik, Minimalis, SHM",2800000000,150,103,3,3,2
153,TEBET DALAM - Rumah Brand New Minimalis SHM,2600000000,130,75,3,3,1
154,"Rumah Siap Huni di Tebet Timur 1, Jalan Lebar 3 Mobil",5900000000,250,202,5,4,2
155,Dijual Rumah Sipa Huni Dengan Harga Murah di Kebon Baru Tebet Jakarta,850000000,78,69,4,2,0
156,jl. Tebet timur dalam,3600000000,250,180,4,2,0
157,Rumah Tebet Timur Hitung Tanah 338m2,6850000000,219,338,5,3,3
158,"Rumah Baru, Di Asembaris, Kebon Baru Tebet, Jakarta Selatan",4500000000,325,226,6,4,1
159,Rumah Layak Huni Di Tebet Jual Cpt Jalan 1 Mobil 30m Dari Jln Besar,2600000000,120,150,3,2,1
160,Rumah Mewah Di Komplek Kebon Baru,5750000000,350,240,7,5,0
161,Rumah Baru Renovasi Siap Huni Teebet (Best Price),2999000000,140,140,5,3,1
162,Rumah Cantik Brand New 3 lantai siap huni,5000000000,180,127,5,4,2
163,Rumah hoek di Tebet Barat,4000000000,200,135,7,4,2
164,Rumah brand new siap huni di Tebet Timur,3500000000,150,112,4,4,1
165,"The Classic Luxury House With Pool @Brand New near Cassablanca Area, Palbatu, Jakarta Selatan",6100000000,375,130,5,4,3
166,Rumah Super Mewah Tebet Jakarta Selatan Harga Siap Nego,30000000000,800,498,5,5,5
167,Rumah Siap Huni di Jl. Tebet Utara,6500000000,250,181,8,4,2
168,Rumah Minimalis Tebet Dekat Jalan 2 Mobil,3750000000,150,112,3,5,2
169,"Rumah Minimalis Tebet 2 Lantai Dekat Pusat Bisnis Tebet, Jaksel",6300000000,200,133,4,3,2
170,Rumah Siap Huni Dalam Komplek Nyaman Tebet-Jakarta Selatan,15000000000,480,387,4,4,3
171,"Rumah Minimalis Tebet 90 Meter, Dekat Jalan 2 Mobil",2650000000,125,90,3,4,2
172,"Rumah Siap Huni Dengan Luas Tanah 360 Meter Jalan Lebar, Bebas Banjir Tebet-Jakarta Selatan",18500000000,800,360,5,7,5
173,Rumah Mediterania Jalan Lebar Lokasi Strategis Tebet Jakarta Selatan,14500000000,500,307,3,4,2
174,"Rumah Cantik Siap Huni Jalan Lebar Di Kawasan Premium Tebet, Jaksel",8750000000,350,202,4,5,3
175,"Rumah Siap Huni Jalan 2 Mobil, Jarang Ada, Sertifikat Hak Milik",5800000000,200,138,5,4,2
176,"Rumah Siap Huni Di Tebet Timur, Jalan Lebar, Dengan Kolam Renang Outdoor",15000000000,250,310,4,5,2
177,"Rumah Hitung Tanah Di Jalan Lebar, Kawasan Nyaman, Paling Murah!!",15000000000,400,580,5,4,3
178,"Rumah Di Jalan 1 Mobil Kawasan Nyaman Tebet Timur, Jakarta Selatan",2300000000,100,90,2,2,1
179,"Tebet Barat Rumah Bagus Siap Huni, jakarta Selatan",3950000000,200,166,4,4,3
180,"Tebet Rumah Lama Murah, Jakarta Selatan",2750000000,120,135,3,2,1
181,"Tebet Barat Rumah Murah Strategis Area, Jakarta Selatan",3250000000,251,146,8,8,2
182,Rumah Cantik Siap Huni,2590000000,170,76,3,3,2
183,Regensi Tebet Mas,4500000000,140,140,5,4,2
184,Rumah bagus SIAP HUNI Akses Jalan 2 Mobil One Way di Tebet Timur,4500000000,200,148,5,4,2
185,"5 Bedrooms House Tebet, Jakarta Selatan, DKI Jakarta",7150000000,250,162,5,3,2
186,Rumah Siap Huni Dijual Tebet Timur Tebet Jakarta Selatan,10500000000,200,189,5,2,0
187,"Rumah Bagus 2 Lt Akses Jalan Lebar di Tebet Utara, Jakarta Selatan",6500000000,245,125,4,3,3
188,Rumah mewah siap huni di tebet barat jakarta selatan,6750000000,350,210,4,4,1
189,Rumah Siap Huni Tebet Barat Tebet Jakarta Selatan,9500000000,280,304,5,5,0
190,Rumah Tebet Barat Dalam LT480 Jakarta Selatan,23000000000,480,600,10,4,2
191,"Rumah Siap Huni di Tebet Timur 1, Jalan Lebar 3 Mobil",6500000000,200,222,6,2,2
192,"Rumah di Tebet Utara Jalan 2 Mobil, Lingkungan Nyaman dan Lokasi Strategis Akses Mudah Dijangkau",3600000000,170,146,4,3,1
193,"Dijual Rumah Mewah 2 Lantai di Tebet Barat, Jalan 3 Mobil, Lingkungan Nyaman dan Aman",8800000000,400,230,6,6,2
194,"TEBET TIMUR LT 135 M2 - Rumah Termurah, Hitung Tanah Saja",1900000000,135,135,3,3,2
195,Rumah Mewah Brand New Jalan Utama Tebet Timur Dalam,29000000000,980,672,5,6,4
196,Rumah Termurah di Tebet Barat Jakarta Selatan,2550000000,150,90,4,4,2
197,Rumah Baru di Tebet Barat Jakarta Selatan,3300000000,120,90,5,4,2
198,TEBET Rumah Siap Huni Desain Rumah Rumah Bagus dan Nyaman,3100000000,200,90,3,3,1
199,TEBET BARAT Rumah Siap Huni Lokasi Premium Jalan Tiga Mobil,5950000000,220,200,5,4,1
200,TEBET Rumah Siap Huni Lokasi Sangat Bagus Aman dan Nyaman JARANG ADA,6100000000,250,204,5,3,2
201,TEBET Rumah Baru Siap Huni Lokasi Premium Nyaman Untuk Tempat Tinggal,3200000000,150,87,4,3,2
202,TEBET Rumah Siap Huni Kondisi Relatif Baru,2500000000,140,78,4,3,1
203,Brand New Townhouse Mewah Di Dekat Patra Kuningan,12500000000,600,208,4,5,4
204,"Rumah Besar,Siap Huni Di Tebet Jakarta Selatan",8000000000,152,230,3,3,1
205,Rumah Murah Siap Huni di Jl. Palbatu III Tebet,690000000,90,50,3,1,0
206,Rumah 2 Tingkat Menteng Dalam Tebet Jakarta Selatan,15000000000,500,501,6,3,0
207,Rumah Lama Hitung Tanah Supomo Tebet Jakarta Selatan,9000000000,200,230,6,3,2
208,Di Jual Di Bawah Harga Pasaran Rumah Siap Huni Di Tebet Timur Jaksel,4000000000,180,155,4,3,2
209,Dijual rumah di tebet jakarta selatan strategis dekat jl. mt. haryono,3750000000,200,135,5,3,3
210,Dijual Murah Rumah Mewah di Tebet Utara Jakarta Selatan,22000000000,1080,619,7,6,4
211,Rumah murah asem baris,2100000000,160,120,6,3,1
212,Rumah tebet,8700000000,160,261,4,4,2
213,"Rumah dijual, Tebet timur dalam, Jakarta Selatan ",2900000000,175,135,4,2,0
214,Di Jual Rumah Cantik di TEBET,3500000000,235,140,5,4,1
215,"Rumah pinggir jalan, Asem baris , Tebet , Jakarta Selatan",5500000000,170,270,6,3,1
216,Dijual rumah baru minimalis di Di Tebet Jakarta Selatan,3500000000,120,86,5,4,1
217,"Rumah Onprogress 2,5 Lantai Di Asem Baris Tebet Dekat Station Cawang",2500000000,200,100,3,3,2
218,Tebet Rumah Jalan 2 Mobil Harga Menarik,3600000000,170,146,4,3,2
219,"Dijual Cepat Rumah Di Kebon Baru, Tebet",2400000000,147,154,3,2,1
220,Dijual Cepat Rumah Bagus Di Tebet,38000000000,500,720,6,6,3
221,Rumah Asri Dijual Cepat Di Tebet,4900000000,179,158,4,4,2
222,Rumah Asri Di Tebet Dijual Cepat,3250000000,250,145,8,8,2
223,"Rumah Asri Di Tebet, Dijual Cepat",10000000000,600,306,6,5,3
224,Rumah Dijual Di Tebet,12500000000,250,189,6,4,2
225,Rumah Dijual Di Tebet,5500000000,200,150,5,3,1
226,Rumah Asri Di Tebet,6000000000,150,159,5,4,2
227,Rumah Asri Di Tebet,16000000000,300,405,6,4,0
228,"Rumah Di Tebet, Dijual Cepat",5000000000,200,130,5,4,1
229,Rumah Asri Di Tebet Dijual,6000000000,340,173,5,4,2
230,Rumah Dijual Di Tebet,5600000000,156,192,6,2,2
231,Rumah Asri Di Tebet - Dijual Cepat,3750000000,300,180,5,3,2
232,"Rumah Asri Di Kebon Baru, Tebet - Dijual Cepat",5600000000,250,225,5,3,2
233,Rumah Asri Di Tebet - Dijual Cepat,3200000000,150,80,5,3,1
234,"Dijual Rumah Minimalis Siap Huni Daerah Tebet, Jakarta Selatan",2500000000,140,77,3,3,1
235,"Dijual Rumah Lama Layak Huni Daerah Tebet , Jakarta Selatan",9900000000,200,340,4,4,1
236,Rumah baru tebet timur,3800000000,200,130,3,3,2
237,Dijual Rumah Komplek Tebet Barat Lokasi Premium Nyaman Jalan Lebar,9500000000,300,368,4,3,3
238,Dijual Rumah Komplek Gudang Peluru Lokasi Premium Nyaman Jalan 3 Mobil,10000000000,350,273,4,3,4
239,Dijual Rumah Cantik Tebet Lokasi Premium Nyaman Jalan 2 Mobil,12500000000,465,350,6,6,2
240,"Rumah Tua Hook di Tebet, Jakarta Selatan. Akses Mobil dan Ada Garasi",2700000000,135,150,4,2,3
241,"Tebet barat rumah modern minimalis private pool, jakarta selatan",9800000000,400,248,5,5,3
242,"TEBET BARAT RAYA Rumah Hitung Tanah Cocok Tinggal, Kantor dan Usaha, Bisa Belah 2 Dekat Taman Honda",11500000000,400,300,9,6,6
243,"Rumah Siap Huni di Tebet Dalam IV, Jln 1 Mobil Dekat ke 3 Mobil, Sudah Sertifikat",2600000000,120,142,4,2,1
244,Dijual Cepat Rumah Kavling di Tebet Ready 3 Unit,3100000000,120,86,5,4,2
245,Rumah Tebet Saharjo,4650000000,320,135,6,5,1
246,Rumah Cantik Tebet,8750000000,250,200,4,4,2
247,Dijual Rumah Cantik Tebet Brand New Lokasi Premium Nyaman Jalan Lebar,7200000000,250,161,3,3,2
248,Dijual Rumah Lama Tebet Dalam Lokasi Strategis Tenang Jalan 2 Mobil,8000000000,250,300,3,3,2
249,"3 Bedrooms House Tebet, Jakarta Selatan, DKI Jakarta",750000000,80,78,3,1,0
250,KEBON BARU Rumah Hitung Tanah Jalan Dua Mobil Lingkungan Nyaman,5000000000,250,335,7,5,1
251,TEBET - SIAP HUNI di Jalan 2 Mobil,8500000000,260,256,5,5,2
252,Rumah Komersial area Tebet Raya,28000000000,1000,775,5,3,5
253,Rumah Tebet Siap Huni Kompleks Gudang Peluru Tebet,9500000000,400,345,5,3,1
254,Dijual Rumah Second Akses 1 Mobil di Tebet Dalam Jakarta Selatan,3800000000,200,140,4,3,1
255,Rumah Minimalis Jalan 1 Mobil Tebet,2650000000,125,90,3,3,2
256,Dijual Rumah Cantik Tebet Lokasi Strategis Nyaman Jalan 2 Mobil,12000000000,230,244,5,4,3
257,"Rumah Hitung Tanah di Komplek Kejaksaan Tebet Barat, Belakang Gelael, Dekat Pintu Tol MT Haryono",3300000000,170,154,5,3,2
258,"Rumah di Tebet Timur Dalam I, Jln Besar 3 Mobil, Seberang Electronic City, Lebar Muka 8 Meter",3900000000,260,146,3,1,1
259,Rumah Tua Akses Jalan 2 Mobil Di Tebet Barat Jakarta Selatan,7800000000,200,253,4,3,3
260,Rumah Brand New Di Tebet Barat,4700000000,200,150,4,4,2
261,For Sale Boarding House at Tebet & Furnished HSE-A0494,7500000000,444,200,10,10,2
262,Rumah Lama Di Tebet Barat,16000000000,400,400,5,4,4
263,"Jual Segera, Rumah Hitung Tanah Di Tebet Dalam",2600000000,120,142,3,2,1
264,"rumah siap huni dalam kompleks Tebet Mas, Tebet, Jakarta Selatan",13000000000,250,322,4,3,2
265,"Rumah 100% Baru Di Tebet, Murah, Jalan 2 Mobil, Tebet, Jakarta Selatan",4500000000,250,96,4,5,2
266,"rumah siap huni di lokasi kebon baru, tebet, jakarta selatan",3850000000,200,186,3,2,2
267,"Rumah siap huni dijual, murah, tebet, Jakarta Selatan",1900000000,125,133,3,3,1
268,Di Jual Cepat Rumah Di Tebet,15000000000,500,384,4,3,3
269,Rumah tua hitung tanah di Tebet Timur,8000000000,168,221,5,3,2
270,Rumah Bagus Dalam Kompleks Prime Tebet,15000000000,480,378,5,4,1
271,Minimalis Jalan 1 Mobil Tebet Dekat Sekolah 115,2700000000,125,90,3,3,2
272,"Tebet Rumah Mewah, Design Klasik, Siap Huni",18000000000,800,361,5,4,1
273,Dijual Rumah Di Tebet Jakarta Selatan 5 Kmr 300m2 Luas Harga Best,6500000000,300,248,5,4,0
274,Minimalis Baru Jalan 2 Mobil Tebet Timur,4500000000,250,96,5,4,1
275,Rumah Siap Huni Tebet,6500000000,200,222,4,2,1
276,Rumah Lama Tebet Timur,4000000000,200,146,3,1,1
277,"Rumah Baru, Mewah & Strategis Di Tebet Barat, JakSel",4000000000,150,120,4,3,1
278,"Rumah bagus layout nyaman banyak bonus, harga bagus di Tebet",4000000000,250,135,4,5,1
279,"Rumah cantik dgn layout nyaman, siap huni di Tebet",2700000000,210,91,5,3,0
280,"Dijual Rumah Siap Huni di Tebet, Jakarta Selatan",9000000000,470,353,9,6,3
281,Tebet Timur Rumah Lama,7500000000,200,288,4,2,1
282,Rumah Model Villa Taman Lebar Di Tebet Jaksel,5500000000,200,454,3,4,1
283,Dijual Rumah Secondary Luas di tebent Lokasi Strategis,23000000000,350,565,5,3,4
284,Dijual Rumah Mnmls Ada Mini Swpool Tebet Jaksel,65000000000,300,200,5,7,4
285,Rumah Tebet Barat,8250000000,400,230,6,4,2
286,Rumah Rasamala Turun Harga Rmh Siap Huni Blkg Bidakara Jaksel,8500000000,300,205,4,4,4
287,"Dijual Rumah 2 Lt Tebet Jaksel, Jl 2 Mobil",10750000000,200,189,5,4,3
288,"Dijual rumah di Kebun Baru, Tebet Jakarta Selatan",2458000000,165,135,4,3,1
289,"TEBET, LAPANGAN ROS, BUKIT DURI, JAKARTA SELATAN",3500000000,125,153,3,2,1
290,House mewah tebet,30000000000,815,312,10,7,1
291,Dijual Rumah Komplek Gudang Peluru Lokasi Premium Nyaman Jalan 2 Mobil,5500000000,280,216,4,3,3
292,Dijual Rumah 2lantai Di Tebet Barat Dalam Strategis Dekat Perkantoran,10000000000,300,368,4,4,4
293,"Rumah tebet timur raya, depan taman tebet",25900000000,600,1039,7,5,10
294,Rumah Siap Huni Tebet Timur,2999000000,102,102,3,3,2
295,Turun Harga Rumah Mewah Tebet Jakarta Selatan,5899000000,350,130,6,6,3
296,Cluster Cipinang Mal Bassura,3245000000,120,152,4,4,4
297,Rumah Siap Huni Tebet,5750000128,320,183,6,3,3
298,Tebet Rumah Bagus Dijual,6500000000,300,213,5,4,4
299,"Dijual rumah di tebet, jalan depan rumah 2 mobil, dekat dari jalan raya",6500000000,220,181,8,6,1
300,"4 Bedrooms House Tebet, Jakarta Selatan, DKI Jakarta",4800000000,250,170,4,4,3
301,Rumah Model Minimalis jalan Lebar,16000000000,500,420,4,4,4
302,Tebet Dalam Rumah Siap Huni Dalam Komplek,13000000000,380,312,4,3,2
303,Rumah Siap Huni Dijual Jalan 2 Mobil,7000000000,180,283,4,3,2
304,"4 Bedrooms House Tebet, Jakarta Selatan, DKI Jakarta",2800000000,250,90,4,3,2
305,"3 Bedrooms House Tebet, Jakarta Selatan, DKI Jakarta",1850000000,80,90,3,2,0
306,Dijual Rumah Tebet Timur Raya Depan Taman Honda,20999999488,613,613,9,4,2
307,Dijual Rumah Tebet Lokasi Strategis Nyaman Depan Taman Jalan 1 Mobil,4300000000,117,205,4,3,3
308,Dijual Rumah Tebet Timur Lokasi Premium Nyaman Jalan 2 Mobil,4300000000,200,145,3,3,2
309,Dijual Rumah Hitung Tanah Asem Baris Raya Lokasi Strategis Aman Jalan Raya,5500000000,300,266,6,4,4
310,Jual Rumah Di Tebet Jakarta Selatan,9000000000,470,353,9,6,3
311,"Rumah Bagus Akses Jalan 2 Mobil TERMURAH di Tebet Utara, Jaksel",3500000000,190,100,5,4,2
312,"Rumah Megah SIAP HUNI TERMURAH di Tebet Timur, Jakarta Selatan",12999000000,400,429,9,5,5
313,Rumah Siap Huni Di Asem Baris Kebon Baru Tebet Jakarta Selatan,2300000000,160,135,4,3,1
314,Tebet rumah dijual jalan 2 mobil lebar lokasi strategis,7100000000,200,256,5,3,3
315,"Rumah Cantik, Asri Dan Nyaman Tebet Utara",7000000000,350,180,3,3,0
316,Rumah Bagus Murah Sekali Cocok Utk Tempat Tinggal Dan Kost2an Tebet,1500000000,200,170,7,2,0
317,"Kb. Baru, Tebet, Kota Jakarta Selatan, Daerah Khusus Ibukota Jakarta 12830, Indonesia",1500000000,100,80,4,2,0
318,Rumah Sederhana Siap Huni Lokasi Strategis Tebet Barat Jaksel,3500000000,150,135,4,2,0
319,Rumah Siap Huni 2lantai Akses 2mbl Lokasi Tebet Barat,4000000000,150,100,3,3,1
320,Rumah Siap Huni Akses jalan 2 mobil di asem baris tebet,4000000000,144,126,4,2,3
321,Dijual rumah tua perlu renovasi akses jalan 2mobil lokasi dekat lapangsn bola pspt,3750000000,150,135,3,2,1
322,Rumah Bagus Siap Huni Di Tebet Timur Dalam Jak Sel,4000000000,150,140,4,2,2
323,Rumah Mewah 3 Lantai Jalan Swadaya I Tebet ( FA),6000000000,450,260,7,4,1
324,"Rumah Baru 2 Lt Dekat Taman dan Pasar Tebet Barat PALING MURAH di Tebet Barat, Jakarta",2550000000,150,90,4,4,2
325,Dijual Rumah Second Strategis Tanah Luas di Tebet,23000000000,350,565,5,3,4
326,Rumah Clasic Asem Baris Tebet Jakarta Selatan Hitung Tanah Saja Setrategis Dekat Mt Haryono,9200000000,650,695,9,6,1
327,Rumah lama hitung Tanah di Tebet,7500000000,180,253,3,2,1
328,Rumah Tebet Hitung Tanah,14250000000,350,393,5,4,1
329,Brand New House Di Lokasi Iconic Tebet,4000000000,216,135,5,4,2
330,Tebet Rumah Minimalis,5850000000,220,138,4,3,2
331,Rumah Minimalis Bagus Tebet Timur,2700000000,160,90,3,3,1
332,Dijual Rumah Tebet Hitung Tanah Lokasi Strategis Jalan 1 Mobil,3250000000,200,157,7,3,1
333,Rumah tebet jalan lebar nyaman keamanan 24 jam dekat kemana mana,9800000000,350,247,4,3,2
334,Dijual Rumah Asri Komplek Tebet Mas Lokasi Premium Nyaman Jalan 2 Mobil,12000000000,350,237,4,3,2
335,Rumah dijual di Tebet Raya,18500000000,300,520,5,4,2
336,"Rumah Mewah Di Tebet Turun Harga Menjadi Rp 14,5 M, Ada Swimmung Pool",14500000000,500,307,10,7,2
337,Rumah Di Jual Di Tebet,8200000000,300,260,4,4,3
338,"Rumah Di Jual, Brand New, Tebet Barat ",2700000000,120,92,3,3,2
339,"Dijual Rumah minimalis di Bukit Duri, Tebet",2500000000,121,100,3,2,2
340,"Rumah Hoek Tebet Jakarta Mewah, Lokasi Strategis Selangkah ke Masjid",9900000000,350,250,5,3,2
341,"Rumah Tebet Jakarta Selatan, depan Lapangan, Dijual Cepat Harga BU",4200000000,285,160,5,6,1
342,Rumah Di Tengah Pusat Bisnis Dekat Jalan Gatot Subroto Jaksel,10000000000,353,535,10,10,7
343,Rumah Dalam Komplek Di Gudang Peluru - Tebet Blok N348,5000000000,220,217,3,3,1
344,"Tebet, Siap Huni, jalan 2 mobil",4300000000,250,90,4,4,2
345,Rumah 2 Lantai Lokasi Strategis Akses 2 Mbl Asem Baris Tebet,3000000000,250,125,3,2,1
346,Rumah Lama Layak Huni Akses 2 Mbl Lapangan Ros Tebet Jaksel,3000000000,130,170,4,3,1
347,Rumah Baru Design Modern Posisi Hook Lokasi Tebet Timur,3400000000,170,110,4,4,2
348,rumah baru 2lantai siap huni akses jalan 1mobil lokasi tebet timur,3200000000,150,90,3,2,1
349,Rumah Siap Huni Akses 1mobil Lokasi Tebet Timur,3000000000,150,110,4,3,2
350,Rumah Baru Siap Huni Semi Furnish Akses 1mobil Lokasi Tebet Utara,3200000000,210,91,5,3,1
351,Dijual rumah baru Lokasi tbt timur,3300000000,150,90,3,2,1
352,"Rumah Siap Huni Di Tebet, Lingkungan Nyaman",5700000000,250,190,4,3,1
353,Rumah Siap Huni Di Kebon Baru Jaksel,2100000000,188,125,6,4,1
354,Di jual Rumah di tebet,4000000000,89,175,3,3,2
355,good house at jaksel tebet,2200000000,120,220,5,3,1
356,goood house at jakarta selatan tebet,8500000000,234,300,5,4,1
357,good house at jakarta selatan tebet ,1700000000,154,204,5,2,0
358,Jual Cepat Rumah Di Tebet,10500000000,350,247,5,5,3
359,Rumah Tebet Dekat Mall Kokas BU Harga Covid,1899000000,150,135,4,2,1
360,good house at tebet,1500000000,90,121,3,2,0
361,Rumah Tebet Barat Dalam Jakarta Selatan,9000000000,399,384,3,3,1
362,Dijual Termurah Rumah Siap Huni di Tebet Utara Jakarta Selatan,3500000000,180,100,5,4,1
363,TEBET MAS Rumah Nyaman Dalam Komplek Elit Dekat Taman JARANG ADA,13000000000,250,322,4,3,2
364,"Dijual Rumah di Tebet Utara, akses 2 mobil, Jakarta Selatan",7800000000,160,261,3,4,2
365,Dijual Rumah Tebet Barat Lokasi Premium Tenang Jalan Lebar,8000000000,200,202,5,3,3
366,Dijual Murah Rumah Mewah di Tebet Utara Jakarta Selatan,8000000000,450,306,5,4,1
367,Rumah Lama Layak Huni Tebet Jak Sel,2900000000,90,135,2,1,1
368,Dijual rumah lama layak huni akses jalan lebar lokasi tebet timur,2950000000,125,135,2,1,0
369,Rumah Tua Butuh Renovasi di Tebet Timur Jak Sel,2600000000,80,130,2,1,0
370,Rumah Siap Huni Baru Renovasi Di Tebet Utara Jak Sel,2500000000,105,54,3,2,1
371,Di jual rumah 2nd siap huni akses gg motor tebet,2500000000,100,130,3,2,0
372,Rumah Siap Huni Model Minimalis Di Tebet Jakarta Selatan,2600000000,180,95,4,2,1
373,TEBET - Bagus Untuk Investasi di Jalan 1 Mobil,2700000000,120,142,3,2,1
374,Rumah di Tebet Jalan dua mobil bangunan lama,5000000000,100,220,2,1,0
375,Rumah dijual di Tebet,5900000000,340,134,5,4,3
376,Rumah huk di Tebet jalan satu mobil lebar,3000000000,250,150,3,3,2
377,Rumah baru di Tebet Barat dekat jalan dua mobil,3500000000,160,118,4,4,2
378,Rumah di Tebet Barat bagus terawat dekat fasum,3200000000,128,138,3,2,1
379,"TEBET - Siap Huni, Bagus, Akses 2 Mobil",5300000000,200,145,3,3,2
380,"TEBET - Depan Taman, Baru, Jalan 2 Mobil",6500000000,220,150,3,3,1
381,Jual Cepat Rumah Di Casablanca Jakarta Selatan,6000000000,300,284,7,3,3
382,"Rumah Baru dijual di Tebet Barat, lokasi strategis",3500000000,200,135,3,3,2
383,"Dijual Rumah Di Jl. Kebon Baru Utara, Tebet Jakarta Selatan",2780000000,192,120,5,4,2
384,For Sale..Rumah Di Tebet Timur,4900000000,215,135,9,8,0
385,Rumah baru 100% bergaya mewah tebet Jakarta selatan,3800000000,160,165,4,3,1
386,Dijual Rumah Baru Dengan Design Minimalis Di Tebet,4500000000,175,125,3,3,2
387,"Dijual Rumah Brand New, Ada Taman, Lingkungan Tenang Di Tebet Barat",6500000000,350,230,4,4,2
388,Dijual Rumah Dalam Komplek Elit Tebet Mas Lokasi Paling Premium di Tebet,5500000000,300,140,3,3,2
389,"Dijual Rumah di Tebet Utara, akses 2 mobil",7800000000,160,261,3,4,2
390,TERJUAL Rumah Di Bukit Duri Area Komersil,3900000000,150,250,4,2,2
391,DIJUAL CEPAT HARGA MURAH ( BU CEPAT) Rumah 700 m2 Di TEBET,9200000000,450,700,8,4,4
392,Dijual rumah siap huni 2lantai full strategis dekat kokas akes jalan2mobil lokasi menteng dalam,2200000000,150,82,5,2,2
393,Rumah Siap Huni Hanya 50m Dari Dan Ke Asem Baris Raya Tebet,2100000000,100,126,2,2,1
394,Rumah Siap Huni Akses 1mobil Di Tebet Timur,2450000000,150,135,5,2,0
395,Rumah Bagus Siap Huni Pinggir Jalan 2 Mbl Asem Baris Tebet,2150000000,120,135,3,2,1
396,Rumah Bagus Siap Huni Pinggir Jalan 2 Mbl Asem Baris Tebet,2300000000,130,150,4,1,0
397,Rumah siap huni lokasi strategis pinggir jalan raya asem baris jaksel,2000000000,120,94,2,2,0
398,Rumah Tua Dalam Lingkungan Yang Nyaman Di Kebon Baru Jakarta Selatan,2250000000,130,150,2,1,0
399,"Dijual rumah di Asem baris, Akses jalan 2 mobil",2000000000,100,111,2,2,1
400,Rumah baru siap huni di tebet barat,4000000000,216,135,5,4,2
401,TEBET RAYA Rumah Layak Huni Dekan Stasiun,22000000000,350,448,6,7,2
402,Dijual Rumah Komplek Tebet Lokasi Premium Tenang Jalan Lebar,13000000000,216,384,3,3,2
403,Dijual Cepat Rumah Di Tebet Dalam,9000000000,470,353,9,6,0
404,Rumah Baru Model Minimalis Di Tebet Timur Jakarta Selatan,6200000000,260,138,6,5,0
405,"Dijual Rumah Lama Hitung Tanah Di Tebet Jaksel, Lokasi TOP, Tenang, Asri",2400000000,120,149,3,2,0
406,TEBET RAYA Jalan Lebar Cocok Untuk Resto dan Kantor,15000000000,237,387,5,4,3
407,TEBET RAYA AREA KOMERSIL Rumah Siap Huni Bisa Dibangun 4 Lantai,22000000000,300,520,4,4,2
408,"3 Bedrooms House Tebet, Jakarta Selatan, DKI Jakarta",2200000000,120,100,3,2,1
409,"Jual Rumah Tebet 3-Lantai Akses 2 Mobil, Jakarta Selatan",5000000000,320,150,9,5,0
410,Rumah Second Terawat Dan Setrategis Tebet Jakarta Selatan,23000000000,350,565,5,3,4
411,Rumah tebet dekat mall kokas,2700000000,135,87,3,2,2
412,Rumah Baru di Jln Tebet Timur Jakarta Selatan,4595000000,170,136,5,4,2
413,"Dijual Rumah di Jalan Palbatu, dekat kota kasablanka, jalan 2 mobil",1300000000,100,75,3,2,0
414,"Dijual Cepat Rumah Hoek Tebet, jalan 2 mobil Harga Nego",12000000000,500,590,10,10,0
415,"Dijual Rumah 1,5 Lantai Di Tebet Dalam",21000000000,300,500,4,3,4
416,"Dijual Cepat Rumah Bagus di Tebet, Siap huni",3500000000,170,100,5,3,3
417,"Dijual Rumah Baru di Tebet, Elite",3900000000,179,142,5,4,2
418,"Dijual Brand New Rumah Tebet, Ada Swimming Pool",25000000000,700,619,5,4,10
419,"Dijual Rumah Baru di Tebet, Jalan 1 mobil Lebar, Jakarta Selatan",3900000000,179,142,5,4,2
420,"Dijual Rumah Elite di Tebet, Jakarta Selatan",1250000000,480,312,4,2,1
421,"Dijual Rumah Baru di Tebet, siap huni",3900000000,230,130,3,4,3
422,"Dijual Rumah Tebet Barat, Hitung Tanah Saja, Jarang Ada",3000000000,150,160,5,2,0
423,Dijual Rumah Cantik Tebet Lokasi Premium Nyaman Jalan Lebar,12000000000,240,303,6,6,4
424,Rumah Nyaman Jalan Lebar Strategis Di Kebon Baru Dekat Stasiun Tebet,5000000000,275,210,6,5,3
425,Rumah 2 Lantai Luas Murah Strategis Di Kebon Baru Dekat Stasiun Tebet,2300000000,150,132,4,3,1
426,Dijual Rumah Strategis Komplek Gudang Peluru Jakarta Selatan,9800000000,162,342,5,3,2
427,Rumah Murah Di Tebet Jaksel,6800000000,500,428,5,4,4
428,"Rumah 2 Lantai Di Tebet Barat, Blakang Perkantoran Mt Haryono",11000000000,600,391,7,5,4
429,"Rumah Di Pinggir Jalan Tebet Barat Raya, SHM, Investasi Bagus",11500000000,350,400,9,7,6
430,Dijual Cepat Rumah Tebet Barat Dalam Lokasi Strategis Jakarta Selatan,3600000000,130,163,3,2,2
431,"Rumah Tebet Bebas banjir, dekat pintu tol",22500000000,700,610,6,4,1
432,Rumah Mewah Dan Sangat Strategis Di Tebet,9500000000,340,240,7,4,2
433,"Tebet Mas, lokasi OK depan taman",13000000000,225,322,4,3,2
434,Rumah TEBET jak sel,10000000000,300,264,5,4,0
435,Rumah berada di kawasan elit di @Tebet Timur,5500000000,117,205,5,4,0
436,Rumah Di tebet Barat,3500000000,90,110,3,3,1
437,Rumah di tebet,3500000000,250,91,4,2,2
438,Rumah Murah Di Tebet Jakarta Selatan BaruÂ ,3800000000,154,113,4,4,3
439,Rumah Siap Huni Di Tebet Lokasi Sangat Strategis Sekali,2800000000,250,90,3,3,1
440,Dijual Rumah Mewah Terawat Di Daerah Tebet Hrg Menarik,13750000000,600,429,6,4,1
441,Rumah Baru Tebet,6200000000,220,150,4,4,2
442,"Dijual Rumah Asri, Tebet, Jakarta Selatan",4600000000,200,147,4,3,1
443,Rumah Lama di tebet berada di pusat kota jakarta selatan,12000000000,322,322,4,3,2
444,di jual rumah bagus tebet,2500000000,94,78,2,2,2
445,Rumah Lama Tebet Dijual Cepet Dengan Lokasi Strategis,2500000000,160,135,3,2,2
446,Rumah Besar Bangunan Kokoh Siap Huni Di Kebon Baru Tebet Jak Sel,9200000000,450,700,8,4,2
447,Dijual rumah hitung tanah di tebet dalam komplek jalan lebar,6500000000,217,217,3,2,2
448,Rumah Siap Huni Dan Bagus Dijual Kebon Baru Tebet Jakarta Selatan,12000000000,450,700,8,4,0
449,Rumah Siap Huni Dijual Jaya Mandala Jakarta Selatan,35000000000,599,469,4,3,0
450,"Rumah Di Tebet Timur, Jalan 1 Mobil, Dekat 2 mobil",4200000000,120,143,6,3,2
451,"Rumah Di Tebet Barat Dalam, Jalan 2 Mobil, Strategis",5500000000,200,221,5,2,2
452,"Tebet rumah minimalis modern akses 2 mobil, jakarta selatan",3500000000,190,100,6,4,2
453,Rumah gang kebun baru tebet jakarta selatan,900000000,100,56,3,2,0
454,Rumah Dijual di Tebet Jakarta Selatan,3500000000,350,100,4,4,2
455,Rumah murah dan strategis di tebet timur jakarta selatan,7500000000,150,288,5,3,1
456,Rumah dua lantai di Tebet Barat Dalam Jakarta Selatan,3500000000,235,140,5,4,2
457,Rumah Jakarta Selatan Tebet,14000000000,200,475,5,3,0
458,"Rumah Siap Huni LT 170 M2 TERMURAH di Tebet Dalam, Jakarta Selatan",3500000000,210,170,6,2,2
459,Newly House dekat Taman Akses JALAN 2 MOBIl bentuk tanah NGANTONG di Tebet Barat,4950000000,225,110,5,4,2
460,Rumah Cantik 3 Lt Semi FURNISH di Tebet Utara,2600000000,210,91,5,3,1
461,Dijual Rumah Baru Di Tebet Timur Harga Bagus,4200000000,200,165,4,2,0
462,Rumah Arsitektur Klasik Dijual Di Tebet Barat Harga Bagus,4200000000,150,100,4,4,0
463,Dijual Rumah 3 Lantai Cocok Untuk Tempat Tinggal Dan Usaha Kost,1300000000,332,125,7,7,0
464,Rumah siap huni di Tebet - RPA,8500000000,550,440,8,5,5
465,Brand New Rumah Soho Tebet,8750000000,180,137,4,4,2
466,"Rumah Brand New Siap Huni Tebet Timur Dalam, Dekat Pspt",3900000000,200,130,3,3,1
467,Di jual rumah siap huni model classic di tebet menteng dalem jakarta selatan,6100000000,390,130,7,6,3
468,Rumah Cantik Tebet Jaksel. Dekat Cbd Kuningan Dan Mal Kokas,2500000000,150,90,3,2,1
469,Dijual Rumah Siap Huni di Tebet Jakarta Selatan,3500000000,350,100,4,4,2
470,"Rumah Klasik SUPER MEWAH Semi Furnished Tebet Timur, Jakarta Selatan",30900000000,1000,670,8,6,4
471,"Rumah Tua HITUNG TANAH TERMURAH di Area Komersial Jl. Johar, Menteng",55000000000,400,1075,4,3,4
472,"Rumah Tua Strategis Dijual Hitung Tanah Di Tebet, Jakarta Selatan",3500000000,225,360,4,2,1
473,Dekat Rumah Sakit Tebet Dan Gelael,3500000000,200,145,8,8,3
474,TEBET Rumah Jual Hitung Tanah Jalan Tiga Mobil Lebar,4500000000,150,200,3,2,2
475,"Rumah Lama Di Prime Area Tebet, Komersial",55000000000,1126,1224,4,4,2
476,Rumah Di Area Komersial Tebet Raya,22000000000,300,520,4,4,3
477,"Rumah Cantik Brand New, Tersisa 2 Unit",3200000000,150,86,5,4,2
478,"TEBET - Rumah Baru, Design Menarik di Tengah Kota Jakarta",6500000000,300,173,4,4,2
479,"Rumah di Tebet Timur Jalan 1 Mobil Lebar, Luas Tanah 135 m2",1900000000,130,135,5,2,1
480,"TEBET - Sangat Terawat, Area Tenang di Depan Taman",5990000000,350,220,5,5,2
481,"DIJUAL Cepat Rumah Baru Siap Huni Full Furnish, Tebet Barat",5500000000,300,173,4,4,2
482,"Tebet rumah mewah prime lokasi, jakarta selatan",16500000000,800,361,7,5,6
483,Rumah luas kolam renang di Tebet Jakarta Selatan,23000000000,700,619,5,5,10
484,Rumah jual tebet jl 2mobil 4. 5mly,4499999744,250,140,5,4,2
485,Dijual Rumah Tebet Barat Lokasi Premium Tenang Jalan 1 Mobil,3500000000,150,135,3,3,2
486,Dijual Rumah Baru Siap Huni Depan Taman Tebet,6000000000,220,150,4,4,2
487,"Rumah baru 100%, Tebet, Jakarta Selatan",3600000000,154,110,3,3,2
488,"4 Bedrooms House Tebet, Jakarta Selatan, DKI Jakarta",4300000000,180,135,4,4,2
489,TEBET Rumah Mewah Terawat Dekat Jalan Soepomo,7900000000,380,225,5,4,2
490,Dijual Rumah Di Asem Barus Tebet,27000000512,350,1069,4,4,5
491,"Dijual Rumah Di Barat Asem Baris,Kebun Baru",5000000000,320,150,5,5,3
492,Dijual Rumah Di Tebet Barat,3000000000,110,132,3,2,0
493,Rumah Didalam Kompleks Tebet,4900000000,280,170,5,4,3
494,Dijual Rumah Tebet Depan Taman Asri Jalan Muat 2 Mobil,3700000000,130,130,3,3,2
495,Rumah Tebet Asam Baris,2900000000,160,160,3,3,1
496,Rumah Tebet Barat,3700000000,175,89,3,3,2
497,Dijual Rumah Hitung Tanah Tebet Timur Lokasi Strategis Jalan 1 Mobil,3600000000,100,180,4,2,1
498,Dijual Rumah Hitung Tanah Tebet Utara IV,2333333000,80,90,2,2,1
499,Rumah Mewah Brand New Di Menteng Dalam Tebet Jakarta Selatan,25000000000,890,271,5,6,3
500,"TEBET - Rumah Bagus, Jalan 1 Mobil, Siap Huni",6500000000,275,150,4,5,1
501,"TEBET - RUMAH BARU, Design Bagus",6500000000,270,140,3,3,4
502,"Tebet-Area Komersi, Jalan 3 Mobil Lebar",22000000000,300,520,5,4,3
503,"TEBET - SIAP HUNI, Jalan 1 Mobil",2850000000,102,96,3,2,2
504,"TEBET - RUMAH BARU, Jalan 3 Mobil Lebar",30000000000,900,672,5,6,4
505,rumah second tebet,25000000000,350,565,4,4,4
506,Rumah Dijual Daerah Bukit Duri Jakarta Selatan,1250000000,120,136,5,2,0
507,Rumah Hitung Tanah Di Gudang Peluru,4000000000,194,194,3,3,1
508,Dijual Rmh Secont Tebet,6000000000,250,141,4,4,3
509,"Rumah Dekat Pusat Kota Selangkah Menuju Terminal Kampung Melayu, Stasiun Tebet Dan Kota Casablanca",2600000000,147,154,4,3,1
510,Dijual Rumah siap huni baru di tebet barat V,3500000000,126,135,4,3,0
511,Rumah baru 2 lantai di Tebet timur,3500000000,170,112,3,4,2
512,Di Jual Rmh Tbt Siap Huni,12500000000,600,208,4,5,3
513,Rumah bagus dekat taman dan pasar pspt siap huni acces mudah kemana saja,3950000000,260,133,5,5,2
514,Rumah Tebet Timur Dalam,2300000000,100,140,3,2,1
515,Jual Rumah 2 Lantai Di Tebet Jakarta Selatan,4000000000,216,135,5,4,1
516,Rumah Mewah Siap huni Tebet,29000000000,900,672,5,6,4
517,"For Sale British Tuscan House At Tebet Mas, Jaksel",37000000000,500,720,5,5,2
518,Hunian Nyaman Di Gudang Peluru,8000000000,382,404,6,3,1
519,"Rumah Siap Huni 2 Lantai,Lokasi Strategis Menteng Dalam Tebet Jaksel",5000000000,180,127,4,4,2
520,TEBET Rumah Lama Hitung Tanah Bangunan Masih Layak Huni,7200000000,200,256,5,3,2
521,Rumah Mewah Dijual Tebet Jakarta Selatan,17500000000,800,365,5,4,6
522,Dijual rumah mewah tebet barat,14800000000,500,310,4,4,4
523,Rumah Tebet segera jual,3750000000,196,196,7,5,2
524,Rumah Baru Lux siap huni strategis di Menteng Dalam Tebet Jakarta Selatan,6200000000,390,130,7,6,3
525,"5 Bedrooms House Tebet, Jakarta Selatan, DKI Jakarta",4000000000,200,160,5,4,2
526,"Tebet Barat Rumah Full Furnished, Jakarta Selatan",6200000000,251,140,5,4,5
527,Dijual Rumah Pinggir Jalan Di Asem Baris Tebet Jakarta Selatan,8000000000,252,200,4,3,2
528,Dijual Rumah Mewah Lokasi Strategis Di Tebet Barat Jakarta Selatan,8800000000,400,230,5,5,3
529,Rumah Siap Huni Di Tebet Jakarta Selatan,3200000000,150,80,5,5,1
530,Dijual Rumah Tebet Raya Lokasi Premium Area Komersial Jalan Raya,18500000000,300,520,4,3,3
531,TEBET TIMUR - RUMAH MEWAH CLASSIC MODERN,18500000000,800,361,5,4,4
532,"Dijual Rumah Tua Hitung Tanah di Tebet, Jakarta Selatan",2250000000,135,135,4,4,0
533,Dijual Rumah Lux Tebet Jakarta Selatan,16000000000,140,246,6,6,1
534,"Rumah Jual Hitung Tanah, Tebet Timur",5999999999,240,240,4,4,3
535,Rumah Dijual Hitung Tanah Di Tebet Barat,8555555555,304,304,3,2,3
536,"TEBET - Rumah Bagus, Terawat, Dekat ke Kuningan",4600000000,215,135,9,8,2
537,TEBET - Siap Huni,4700000000,222,145,4,3,2
538,Dijual Rumah Siap Huni BU di Kebon Baru Tebet Jakarta Timur,2500000000,165,135,4,3,1
539,Dijual Rumah Cantik Tebet Lokasi Premium Nyaman Jalan 2 Mobil,8500000000,260,256,4,3,4
540,"Rumah Jl. Rasamala Menteng Dalam, Hitung Tanah",5100000000,200,305,5,2,3
541,Dijual rumah second Tebet Jakarta Selatan berada dalam lingkungan aman,8000000000,330,240,5,5,3
542,Dijual Rumah Di Kebon Baru Tebet,3975000000,325,226,6,5,1
543,Rumah tebet timur dalam,5800000000,340,173,5,4,2
544,Rumah Mewah Siap Huni Di Tebet,5500000000,420,210,6,5,2
545,Rumah Asri Dan Sangat Strategis Di Tebet,4500000000,120,154,6,4,1
546,Rumah Tebet utara,2700000000,94,78,3,2,1
547,Rumah Second Fully Furnish Siap Huni Turun Harga BU Di Menteng Dalam Tebet Jakarta Selatan,4300000000,180,127,4,4,2
548,Dijual Rumah Minimalist Modern 3lnt Tebet,3700000000,150,90,4,4,3
549,Dijual Rumah 2 Lnt Tebet,3800000000,200,130,4,4,2
550,Dijual rumah kos tebet,2600000000,200,135,10,3,2
551,Dijual Rumah Kondisi Layak Huni Tebet,4200000000,400,225,5,4,2
552,Rumah Tua Hitung Tanah Tebet,3600000000,200,186,3,2,0
553,Rumah Tua hitung Tanah Tebet,2150000000,100,104,2,1,0
554,Tebet Timur Area Tenang dan Nyaman,2600000000,120,90,3,2,1
555,Rumah Siap Huni Tebet Barat,22000000000,400,650,7,4,4
556,Rumah Mewah di Tenet,8300000000,260,306,4,3,1
557,TERJUAL TEBET Rumah Terawat Siap Huni Dekat dari Jalan Besar,2990000000,162,156,5,4,2
558,TEBET Rumah Siap Huni Buatan Arsitek,3200000000,160,90,3,3,2
559,TEBET Rumah Siap Huni Buatan Arsitek,2800000000,150,90,4,3,2
560,Rumah Di Tebet Lokasi Strategis,7500000000,350,250,5,4,1
561,Rumah di Tebet Hanya 200 m dari MT Haryono,6000000000,295,352,6,4,5
562,Rumah Di Tebet Lingkungan Mewah Dan Akses Mudah,13500000000,400,430,9,4,4
563,Rumah Nyaman Asambaris Tebet,5000000000,320,150,7,6,2
564,"Rumah Dijual 2 lantai, kebon baru Tebet Jak sel",6800000000,500,428,6,4,5
565,"Rumah tebet timur jakarta selatan. cozy style modern mini custler 4, 6M",4600000000,176,137,5,4,2
566,Di Jual Rumah Second Lokasi Strategis Tebet Jakarta Selatan,7000000000,300,182,4,3,2
567,"Tebet rumah modern classic, jakarta selatan",3500000000,400,150,5,4,2
568,"Rumah tebet dalam, jalan 3 mobil, lingkungan tenang, nego",35000000000,1000,1400,10,7,7
569,Dijual rumah cantik bagus di Daerah Menteng Tebet,5300000000,195,199,5,2,1
570,Dijual rumah baru cantik minimalis di Tebet,4000000000,216,135,5,4,1
571,Dijual Rumah Siap Huni 1.5 Lnt,3500000000,190,135,4,3,2
572,Rumah Strategis di Tebet dekat Terminal Kampung Melayu,2400000000,147,154,2,2,0
573,"Rumah Minimalist Dijual Di Kebon Baru, Tebet, Jakarta",3375000000,192,120,5,4,2
574,Dijual Rumah Siap Huni DI Tebet Jaksel,15000000000,350,400,7,4,3
575,Rumah Siap Huni Dijual Tebet Barat Tebet Jakarta Selatan,22000000000,300,405,4,4,0
576,"Tebet Timur Jalan lebar, dekat statiun, harga bagus",14000000000,400,541,5,5,4
577,Rumah mewah dijual di Tebet Jakarta selatan,23000000000,750,610,6,4,4
578,"Rumah Hitung Tanah di Tebet Timur, Jalan Lebar 3 Mobil, Bentuk Tanah Persegi",7100000000,200,256,6,3,3
579,Rumah second masih bagus wilayah Tebet,6000000000,325,222,6,4,1
580,TERJUAL TEBET TIMUR JALAN 2 MOBIL Dekat Taman,4300000000,200,145,3,3,2
581,Dijual Rumah Cantik Tebet Barat Lokasi Dekat Taman Nyaman Jalan 1 Mobil,3500000000,250,90,3,4,2
582,Very Cheap House Tebet,6500000000,219,338,5,3,1
583,"Tebet rumah full furnished, jakarta selatan",7000000000,210,166,6,6,3
584,"The Classic Luxury House With Pool @Brand New near Cassablanca Area, Palbatu, Jakarta Selatan",6100000000,375,130,6,5,3
585,"The Classic Luxury House With Pool @Brand New near Cassablanca Area, Palbatu, Jakarta Selatan",4000000000,200,160,5,4,2
586,Rumah siap huni di tebet dalam,8000000000,470,350,7,6,2
587,Rumah Tua Kebon Baru Tebet Jakarta Selatan,10000000000,674,775,4,3,0
588,Rumah Tebet Ada Kamar Tidur,3700000000,400,370,6,2,0
589,Rumah Area Tebet Ada Kamar Tidur,3000000000,192,120,4,3,2
590,Dijual Rumah Gudang Peluru Tebet Lokasi Premium Nyaman Jalan Lebar,8250000000,460,290,6,5,2
591,"Rumah di Tebet Timur Dalam 7 i, Luas Tanah 179 m2, Lebar Muka 12 meter",3300000000,160,179,4,2,2
592,Dijual Rumah Di Tebet,11000000000,500,400,6,3,4
593,"Dijual Rumah Baru Siap Huni Daerah Tebet , Jakarta Selatan",7000000000,220,166,4,4,2
594,Tebet Timur Rumah Homies Termurah Cepat,2990000000,162,156,6,4,2
595,"DIJUAL Rumah 2 Lantai, Lokasi Sangat Strategis, Dekat Tol Cawang dan Stasiun Cawang",3600000000,125,135,5,3,2
596,Dijual Murah Rumah Di Jln Keselamatan Tebet Jakarta Selatan,2650000000,190,202,4,2,4
597,Rumah Hoky Lokasi Strategis Di Belakang Hotel Haris Tebet,2650000000,180,202,4,2,4
598,Rumah 2 Lantai Siap Huni di Bilangan Tebet,2700000000,200,122,5,3,1
599,"Rumah Di Tebet Raya, Area Komersial, Keluar Ijin Domisili, Strategis",22000000000,500,520,5,4,4
600,Rumah Tebet Dengan Lokasi Strategis Jalan Lebar,2800000000,150,98,4,3,1
601,Djual rumah di tebet jakarta selatan luas,9200000000,450,700,8,5,2
602,Rumah jual Tebet Barat,6000000000,150,250,4,4,2
603,"Rumah Dijual Murah Lokasi Strategis Di Kebon Baru, Tebet - Jakarta Selatan",1000000000,140,128,5,3,1
604,Brand New House At Tebet Barat,14800000000,500,310,3,3,4
605,"Dijual Rumah Di tebet , Jakarta Selatan Cocok Untuk Ruang Usaha",7500000000,200,280,5,5,2
606,"Tebet rumah classic cocok buat comersial, jakarta selatan",20000000000,700,547,6,5,6
607,TEBET Rumah Nyaman Siap Huni dekat Kawasan Kuliner Tebet,1999000000,125,133,4,2,1
608,"Rumah di Tebet Timur, SHM, Dekat ke Bandara Halim, Mall Kota Kasablanka dan Dekat Pintu Tol Pancoran",1950000000,125,130,4,2,1
609,Townhouse Bidakara Mewah Nyaman Di Jakarta Selatan 4 Br,11500000000,600,208,4,5,4
610,"Rumah hook dijual, sangat strategis di Tebet",2400000000,147,154,3,2,1
611,Rumah Cantik Full Renov Tebet Timur,3100000000,140,90,3,2,2
612,Rumah Siap Huni Di Tebet - Jakarta Selatan,4600000000,250,184,4,3,2
613,Dijual Rumah Lama Tebet Barat Lokasi Strategis Jalan 1 Mobil,3000000000,140,135,3,2,1
614,Dijual Rumah Baru 2 lantai Di Tebet,3200000000,120,86,5,4,2
615,Rumah Asri di jalan utama tebet,15000000000,500,400,9,6,4
616,"Rumah tebet timur dalam, depan taman",4500000000,140,140,3,2,1
617,Dijual rumah hook asri Bangunan di gudang peluru,6800000000,480,290,6,3,4
618,Rumah Tebet Timur Dalam Dekat Pspt dan stasiun tebet,6500000000,219,338,5,3,3
619,Rumah lama hitung tanah kb. Baru Tebet,3550000000,250,352,5,1,3
620,Rumah Mewah Fullfurnish Tebet Jakarta Selatan,23000000000,1000,498,8,9,5
621,Siap Huni Depan Taman Tebet Dalam,4200000000,220,115,4,3,0
622,Rumah Dijual Di Tebet,9000000000,250,162,4,3,2
623,Rumah Tinggal Area Tebet,12000000000,385,404,4,3,0
624,Rumah Mewah Di Prime Area Tebet,12000000000,350,198,7,5,4
625,Rumah Tua Hitung Tanah Di Prime Area. TERMURAH Di TEBET !,22000000000,600,852,5,5,4
626,Rumah Bagus Siap Huni Dekat Casablanca. TERMURAH Di TEBET !,3500000000,300,190,6,6,3
627,Rumah Siap Huni Dan Tanah Kosong  Tebet Barat,15000000000,200,385,5,5,0
628,Rumah Lama Di Tebet. MURAH. Best Investment !,3850000000,160,224,4,3,1
629,Komplek Bukit Duri Permai,9800000000,759,319,4,4,4
630,Rumah Bagus Siap Huni JUAL CEPAT ! Tebet Utara,8900000000,300,300,5,4,2
631,Rumah Cantik Siap Huni Dalam Komplek. JUAL CEPAT ! Tebet Barat ,4700000000,280,102,4,3,3
632,Rumah Baru Siap Huni. MURAH ! Tebet Barat,3050000000,173,89,3,4,2
633,Rumah Bagus Siap Huni FULL FURNISHED Di Dalam Komplek Tebet Barat,5750000000,250,121,4,4,2
634,Rumah Baru Dalam Komplek Tebet,4500000000,250,110,4,3,1
635,RUMAH MEWAH TEBET,28000000000,750,498,5,5,3
636,Rumah Tebet 2 lantai,6500000000,117,205,5,4,0
637,Rumah tebet ada ruang usaha jakarta selatan,13000000000,500,400,6,3,2
638,Rumah Mewah Cantik Minimalis Modern Harga Dibawah Pasaran di Jalan Raya Tebet Timur Dalam Raya Tebet,25000000000,350,565,5,5,1
639,good unit house tebet jakarta,7300000000,500,325,5,5,1
640,"Rumah Tebet Timur, Jalan 1 Mobil",2900000000,125,135,5,2,1
641,"Rumah Tebet Timur, Jalan 2 Mobil Dekat Taman Tebet",8000000000,278,278,7,3,2
642,Rumah Cantik Jalan 2 Mobil Tebet,6250000000,240,180,7,5,0
643,Dekat Stasiun Tebet Dan Mega Kuningan,8750000000,300,322,4,4,2
644,"4 Bedrooms House Tebet, Jakarta Selatan, DKI Jakarta",5500000000,360,140,4,4,2
645,"Rumah Di Jual Tebet Barat, Luas Tanah 550 Meter",16500000000,700,550,6,6,1
646,good unit house tebet jakarta,1100000000,63,300,3,1,1
647,Rumah Bagus Siap Huni Ada S. Pool Di Tebet,15000000000,700,700,5,3,4
648,Rumah Baru Spec Premium Semifurnished,6900000000,250,125,3,2,2
649,Dijual Cepat rumah 3 lantai di Tebet,7500000000,500,280,5,4,1
650,Rumah minimalis tebet jalan 3 mobil,5800000000,220,141,4,4,3
651,Rumaha mewah siap huni tebet,14500000000,400,307,3,3,4
652,Rumah Minimalis Siap Huni Tebet,4500000000,200,146,4,4,2
653,"5 Bedrooms House Tebet, Jakarta Selatan, DKI Jakarta",17000000000,600,550,5,6,6
654,Dijual Rumah Tebet Dekat Dengan Jalan 2 Mobil Beda 1 Rumah..!!,2950000000,150,134,3,2,1
655,Rumah Hitung Tanah Tebet Jalan 1 Mobil,3000000000,150,150,3,2,1
656,Dijual Cepat Rumah Strategis Tebet Timur,2000000000,80,90,2,1,1
657,Rumah Mewah Cantik Minimalis Modern di Jalan Raya Tebet Timur Dalam Raya Tebet Jakarta Selatan,25000000000,350,565,5,5,4
658,Jual Cepat Rumah Mewah di Tebet Jakarta Seatan,8500000000,300,325,5,3,2
659,Rumah Cantik Di Tebet Jakarta Selatan,7000000000,280,220,4,3,4
660,Dijual Cepat Rumah lama layak huni di Tebet,9800000000,400,350,4,5,1
661,Rumah Siap Huni Di Tebet Lokasi Sangat Strategis Sekali,3000000000,150,90,3,2,1
662,Rumah Mewah Kampung Melayu Jual Murah Bawah Pasaran,5500000000,200,250,4,3,3
663,Rumah Lama Terawat Di Tebet Timur,4850000000,300,265,4,3,0
664,Rumah Baru Renovasi Di Tebet Utara,3200000000,150,135,5,2,1
665,Rumah Mewah Di Tebet,25000000000,1080,619,5,6,2
666,Rumah Baru Dekat Kawasan Tebet jakarta selatan,6700000000,390,130,7,6,3
667,Dijual Rumah Komplek Depkeu Menteng Tebet Jakarta Selatan,17000000000,360,606,8,3,1
668,"Dijual Rumah Brand New Cantik Asri Siap Huni Harga Murah Dengan Tanah Luas Di Tebet Timur, Tebet Jaka",31000000000,1000,670,6,5,2
669,Rumah hitung tanah di kebon baru Tebet Jakarta Selatan,9200000000,650,695,6,8,1
670,Rumah Minimalis Bagus Prime Area Tebet Barat,6900000000,250,160,3,4,1
671,Rumah Kos Tebet,3800000000,250,145,8,8,0
672,Tebet Rumah Hitung Tanah Siap Bangun Linkungan Aman dan Nyaman,3600000000,120,139,5,3,1
673,Tebet Rumah Hitung Tanah Dekat Taman,1700000000,80,90,2,2,1
674,Rumah dijual di tebet,2900000000,133,126,3,2,1
675,Rumah Siap Huni Ditebet Jual Cepat,1900000000,120,90,3,2,1
676,Rumah Tebet Soepomo Komplek Keuangan,17000000000,390,608,9,3,5
677,Rumah Murah Tanah Luas Siap Huni Di Asem Baris Tebet Jakarta Selatan,7000000000,500,428,6,6,4
678,"Rumah Dan Kos-Kosan Di Tebet Barat, Jalan 1 Mobil, Lokasi Strategis",3300000000,200,145,8,8,2
679,Rumah Baru Minimalis 2 Lantai Siap Huni di Tebet Jakarta,7150000000,250,162,4,3,2
680,"Murah Dibawah Pasaran, Tebet Timur",8500000000,283,306,5,4,1
681,Rumah Murah 2 Lantai Tebet,600000000,60,30,2,1,0
682,"Dijual Rumah Brand New Siap Huni Harga Murah Dengan Tanah Luas Di Tebet Barat, Tebet Jakarta Selatan",17000000000,450,310,4,4,4
683,Rumah Minimalis Murah Dekat Stasiun Tebet Jakarta Selatan,2750000000,121,100,4,3,1
684,Dijual Rumah Tebet Barat Lokasi Premium Nyaman Jalan 1 Mobil,3000000000,224,124,3,3,1
685,Rumah Cantik Minimalis Di Tebet,6500000000,300,200,5,4,4
686,Rumah tebet timur dalam jalan 1 mobil dekat 2 mobil,5900000000,272,311,4,4,5
687,Rumah 2 Lantai di Kebon Baru Tebet Jakarta Selatan,2400000000,147,154,3,2,0
688,"Rumah Baru Bagus, Asem Baris, Tebet Area",4800000000,325,226,4,4,3
689,"DIJUAL CEPAT Rumah 2 LANTAI SIAP PAKAI MURAH SEKALI @Tebet, Jakarta Selatan",6500000000,250,180,8,5,2
690,Rumah Ditebet Utara Tebet Jakarta Selatan,6500000000,250,181,8,6,1
691,"Dijual Rumah Di Tebet, Jakarta Selatan, Siap Huni",3195000000,150,135,3,3,1
692,Rumah Bagus Di Asem Baris - Tebet,5000000000,320,150,7,6,2
693,Rumah Bagus Di Asem Baris - Tebet,10000000000,380,230,6,4,0
694,"DIJUAL RUMAH di Jl. Asem Baris Tebet, Jaksel",2200000000,226,95,5,3,2
695,Rumah mewah clasic di tebet jakarta selatan,29000000000,1000,670,5,5,5
696,"Rumah Mewah design Klasik, ada Swimming Pool di Tebet Barat",14800000000,500,310,4,4,4
697,Di Jual Show Unit Tebet Jakarta Selatan,2700000000,72,72,4,4,0
698,Dijual cepat murah BU rumah lama strategis di tebet jakarta selatan,3000000000,100,139,3,2,1
699,"DIJUAL CEPAT Rumah 2 Lantai SIAP HUNI & MURAH JARANG ADA di Tebet, Jakarta Selatan",6500000000,250,180,8,5,2
700,Tebet - Dijual Rumah Dalam Kompleks Gudang Peluru,7500000000,180,200,5,4,1
701,"Rumah Siap Huni,Bebas Banjir,Tenang,Nyaman Di Gudang Peluru, Tebet",5000000000,250,217,3,3,1
702,Jual cepat Rumah Besar di Tebet Timur,3250000000,300,153,8,7,2
703,Rumah Kost Bisa Untuk Huni Di Tebet Barat Dalam Dekat Mt. Haryono,3300000000,200,130,9,3,1
704,TEBET Rumah Lingkungan Nyaman dan Aman Dekat Taman,4500000000,200,180,4,3,1
705,TEBET Rumah Brand New Depan Taman Jalan Dua Mobil Lebar,7200000000,250,161,3,3,2
706,Menteng Dalam - Tebet Akses Jalan 2 Mobil Dekat Asisi,2800000000,150,102,3,3,1
707,Tebet Rumah Brand New Akses Jalan 2 Mobil,4500000000,250,96,5,4,2
708,"Dijual Cepet Rumah Siap Huni Tebet, Lokasi Nyaman, Strategis",2700000000,100,130,5,2,2
709,Dijual Rumah Minimalis Tebet Timur Lokasi Premium Bisa Untuk Kantor Jalan Raya,9500000000,250,189,4,3,2
710,Rumah Siap huni 3 lantai dalam komplek Tebet,5500000000,147,107,6,4,1
711,Dijual Rumah Tebet Area Komersil Lokasi Strategis Jalan Raya,23000000000,750,610,8,6,6
712,Kebon Baru Rumah Nyaman Siap Huni,1500000000,120,90,3,2,1
713,"Rumah Secondary tanah luas strategis asem baris Tebet, Jakarta selatan",7000000000,500,428,8,6,4
714,"Tebet rumah murah prime location, jakarta selatan",3500000000,210,170,5,3,2
715,Rumah brand new area Tebet Barat,4950000000,225,110,5,4,2
716,Dijual Rumah Mewah Desain Modern Daerah Tebet,30000000000,800,498,5,5,9
717,Dijual rumah baru di tebet jakarta selatan,1980000000,164,72,4,2,2
718,BrandNew Siap Huni Parkir 3 Mobil Tebet Utara,6500000000,250,125,3,3,3
719,"Rumah Tebet Dalam, Dekat Taman & Dekat Jln 2 Mobil",3500000000,178,150,3,2,2
720,Rumah Lama Terawat BU Tebet,1800000000,105,90,3,2,1
721,Rumah Lama Terawat lokasi bagus dekat MT.Haryono,13000000000,350,248,4,4,1
722,Tebet Rumah Lama Terawat,3100000000,225,156,4,3,2
723,Brand New Rumah Strategi Soho Tebet,4750000000,180,137,4,4,2
724,"4 Bedrooms House Tebet, Jakarta Selatan, DKI Jakarta",2599000000,160,90,4,2,1
725,Dijual Rumah Komplek Gudang Peluru Hitung Tanah Lokasi Premium Tenang Jalan 2 Mobil,6250000000,200,320,4,3,2
726,"Rumah Siap Huni Di Tebet, Jalan 1 Mobil Strategis",3000000000,150,135,3,1,1
727,KOMPLEK ELITE GUDANG PELURU - Rumah Besar Siap Huni,6550000000,350,270,5,4,2
728,Rumah Asem Baris,5000000000,320,150,7,6,1
729,Rumah Baru Lux Di Tebet Barat,16000000000,525,330,4,4,3
730,Turun harga rumah di Tebet Jaksel,23000000000,750,610,8,6,4
731,Dijual Rumah Tebet Timur Layak Huni Lokasi Premium Nyaman Jalan Lebar,7100000256,200,265,6,3,3
732,Dijual Murah Rumah Hitung Tanah Tebet Timur Lokasi Strategis Jalan 1 Mobil,2300000000,144,135,4,2,2
733,Dijual Rumah 2 Lantai Lokasi Strategis Siap Huni di Asembaris Tebet,7500000000,500,428,6,4,4
734,Rumah tebet jakarta selatan,5500000000,410,205,4,4,2
735,Rumah Bagus Minimalis Luas Dan Murah Di Asem Baris Tebet Jaksel,2300000000,150,132,4,3,1
736,Dekat Stasiun Tebet Dan Jalan Mt Hariyono Dan RS.Umum,15000000000,237,387,5,4,2
737,Dijual Rumah Tebet Brand New Lokasi Strategis Jalan 1 Mobil,3500000000,140,90,3,3,2
738,Rumah tebet timur dalam jalan 2 mobil,5900000000,140,107,3,3,3
739,Rumah Tebet Dalam Jalan 1 mobil dekat 2 mobil,3000000000,62,90,5,3,0
740,Dijual Rumah Dengan Carport Luas di Tebet Barat,30000000000,500,703,8,4,8
741,"Rumah Tebet Barat Dalam, Strategis",2900000000,120,137,5,2,1
742,Tebet Akses Jalan 2 Mobil Dekat Taman Cocok Untuk Hunian,6000000000,350,220,5,5,2
743,RUMAH MEWAH CANTIK SIAP HUNI DI MENTENG DALAM TEBET JAKARTA SELATAN,18000000000,200,251,5,3,3
744,Rumah siap huni 3 lantai di Tebet Jakarta Selatan,5500000000,147,107,6,4,2
745,DIJUAL RUMAH di TEBET TIMUR Jakarta Selatan,3700000000,350,180,4,3,1
746,Rumah Siap Huni Jalan Lebaaarrr Tebet Barat,6250000000,150,150,3,3,2
747,"Rumah Murah Di Tebet Timur Dalam, Tebet Jakarta Selatan",3700000000,150,139,5,3,1
748,Rumah Mewah di Tebet Jakarta Selatan,7300000000,300,325,5,4,6
749,"Rumah Cantik 2 Lantai, akses jalan 2 Mobil, di Tebet Timur",6950000000,150,190,4,4,2
750,Dijual Rumah Hook Baru Tebet Timur Jakarta Selatan Lokasi Aman Tidak Banjir Dekat Pasar PSPT,3400000000,190,110,5,6,2
751,Dijual Rumah Baru Siap Huni di Tebet Barat,3300000000,120,90,3,3,2
752,House In Dukuh Patra,42000000000,600,624,3,3,2
753,Dijual rumah di tebet siap huni,2700000000,170,88,5,4,0
754,"Dijual Rumah Lux Brandnew, Lokasi Strategis Dekat Ke Kokas",6700000000,390,130,4,5,2
755,Dijual Rumah Di Tebet,12000000000,400,312,4,4,2
756,Di Jual Rumah Murah Di Tebet,1500000000,200,170,7,2,0
757,Rumah lama siap bangun di jalan 1 mobil Tebet Timur,2350000000,130,130,4,3,1
758,"Tebet Rumah Lama Jalan 2 Mobil, Acces Mudah Ke Stasiun Kereta Dan Kulineran",3400000000,100,139,6,4,2
759,Rumah Minimalis Modern 2 Lantai Nan Mewah Dekat Mall Basurra City,3000000000,200,150,5,4,2
760,Dijual Rumah Di Tebet,5000000000,328,150,7,6,2
761,Dijual rumah siap huni di Tebet,4000000000,250,154,6,3,2
762,Dijual rumah siap huni di Tebet,2300000000,107,54,3,2,1
763,DIJUAL RUMAH DI TEBET,4500000000,230,180,4,4,1
764,Dijual rumah di Tebet,4400000000,200,195,7,2,2
765,Dijual rumah di Tebet Timur,4500000000,150,179,3,2,1
766,Dijual Rumah Hitung Tanah Tebet Lokasi Strategis Nyaman Jalan 1 Mobil Lebar,2800000000,100,130,3,2,2
767,Dijual Rumah Komplek Gudang Peluru Tebet Lokasi Premium Nyaman Jalan 1 Mobil,3800000000,178,239,4,3,4
768,Dijual rumah di TEBET - BANGUNAN TERAWAT DAN KOKOH DI JALAN 3 MOBIL,15000000000,450,475,5,5,5
769,Rumah Tanjung Duren,3500000000,135,101,4,2,2
770,RUmah Bagus Pinggir Jalan Lokasi Strategis Di Tebet Jakarta Selatan,5500000000,170,270,6,3,1
771,Dijual cepat murah BU rumah lama strategis di tebet jakarta selatan,2900000000,100,139,3,2,2
772,Rumah Daerah Gudang Peluru Murah,10000000000,600,400,4,3,0
773,Dijual cepat murah rumah lama strategis di tebet kuningan jakarta selatan,4340000000,100,124,3,2,2
774,Rumah Besar di jual di Jalan Gatot Subroto Jakarta Selatan,25000000000,353,535,10,10,6
775,Dijual Rumah Siap Huni 3 lantai di Tebet Jakarta Selatan,2900000000,150,60,4,4,1
776,Dijual Rumah Minimalis di tebet timur area strategis,3200000000,150,92,4,4,2
777,Rumah Strategis Tebet Timur Akses 1 Mobil & Stasiun Cawang,6500000000,272,311,5,5,0
778,Rumah Murah Dan Strategis Dekat Mall Casablanca Di Tebet Dalam Jaksel,3500000000,210,172,5,2,2
779,Rumah Mewah Modern di Tebet Barat Nego,25000000000,550,485,4,4,3
780,Rumah daerah Tebet,7500000000,250,315,3,3,2
781,Tebet Rumah Dekat Lapangan Bola Siap Huni,2950000000,135,133,4,3,1
782,"Rumah untuk Investasi di Kawasan Tebet, Jakarta Selatan",5500000000,225,326,7,2,0
783,"5 Bedrooms House Tebet, Jakarta Selatan, DKI Jakarta",9000000000,350,305,5,5,3
784,"4 Bedrooms House Tebet, Jakarta Selatan, DKI Jakarta",2500000000,120,135,4,2,1
785,Brand New Minimalis Tebet Dengan Lokasi Strategis Dijual Cepat,3100000000,172,90,4,3,2
786,Dijual cepat dan murah rumah lama strategis di Tebet Jakarta Selatan,3500000000,200,231,4,3,2
787,"Dijual rumah di Tebet, Jakarta Selatan, bebas banjir, nyaman, dan aman",12000000000,480,312,4,2,1
788,Dijual Rumah Tebet Timur Lokasi Premium Cocok Untuk Usaha Jalan Lebar,7000000000,330,187,7,4,2
789,"Dijual Rumah, Siap Huni,Strategis, Di Tebet Jakarta Selatan",6500000000,148,150,4,3,3
790,Rumah di tebet timur dalam,4500000000,200,148,4,3,1
791,Rumah Tua Di Tebet Jalan Depan Dua Mobil,7000000000,180,253,3,2,2
792,Tebet Rumah Tinggal,2300000000,140,77,4,3,1
793,Dijual rumah di Tebet,8750000000,250,200,5,4,2
794,Jual Rumah Mewah Siap Huni Strategis di Tebet Jakarta Selatan,8800000000,400,230,5,5,3
795,Dijual Rumah di Tebet Jakarta Selatan,3800000000,250,186,4,3,0
796,Townhouse Bidakara,13000000000,600,208,4,5,4
797,Dijual Rumah tua di tebet barat,1800000000,90,84,3,2,0
798,TEBET TIMUR (HOOK) - RUMAH BARU SIAP HUNI,13500000000,350,278,6,4,0
799,Tebet Dijual Rumah cantik 2 lantai semi furnished dan lay out nya bagus,7100000000,280,241,5,4,3
800,Tebet Dijual Rumah Siap Huni dan tanah kosong,8500000000,200,385,5,5,0
801,"Rumah di depan taman di tebet utara, belakang pertokoan Elektronic city",3000000000,139,150,3,3,1
802,Dijual rumah Tebet 2 lantai. akses strategis,3600000000,150,135,5,3,3
803,Rumah Mewah Tebet Utara Jakarta Selatan,22000000000,700,619,5,4,10
804,Rumah Tebet Jakarta Selatan,750000000,100,78,3,1,0
805,"rumah area komersial, tebet raya, jakarta selatan",22000000000,350,448,6,7,4
806,"Rumah Tebet Barat Jakarta, Siap Huni",3500000000,160,118,4,4,2
807,Rumah Bagus siap huni akses 2 mobil daerah Tebet Jakarta Selatan,8500000000,245,240,3,5,2
808,Dijual Rumah Mewah Lokasi Bagus di Tebet Jalan Lebar,25000000000,550,485,5,5,2
809,"3 Bedrooms House Tebet, Jakarta Selatan, DKI Jakarta",1600000000,150,90,3,2,1
810,"Rumah 2 lantai di Jalan Sawo Kecik Raya, Bukit Duri, Tebet, Jakarta Selatan",5500000000,424,311,5,4,4
811,Rumah Bagus Cakep Dikawasan Elit Tebet Jaksel,8000000000,260,306,5,4,2
812,Dijual Rumah Tinggal Siap Huni Di Tebet lokasi strategis dan premium di Jakarta Selatan,12500000000,480,312,4,2,1
813,"Rumah Terawat Siap Huni Di Tebet, Jaksel",7500000000,350,220,4,5,1
814,"4 Bedrooms House Tebet, Jakarta Selatan, DKI Jakarta",3000000000,300,110,4,3,1
815,Tebet Rumah Lama Dijalan Lebar Dengan Lokasi Strategis Jual Cepat,15000000000,300,260,4,3,4
816,RUMAH TOWN HOUSE CANTIK TEBET,3900000000,220,135,4,4,1
817,Dijual Rumah Hitung Tanah Tebet Lokasi Strategis Nyaman Jalan 2 Mobil,6000000000,210,203,5,3,1
818,Dijual rumah di Tebet,18000000000,200,450,5,3,2
819,Rumah Di Tebet,3000000000,150,90,4,5,1
820,Brand New Minimalis Tebet Jalan Lebar Depan Taman Dijual Cepat,5000000000,180,107,6,5,2
821,DIJUAL Cepat Rumah Cantik minimalis 2 lantai di Tebet,850000000,56,56,4,2,0
822,Dijual Rumah Cantik Kebon Baru Lokasi Strategis Nyaman Jalan 2 Mobil,2500000000,140,135,4,3,1
823,"Rumah Tinggal Di Area Komersil Jl Tebet Raya, Strategis Dan Murah",21000000000,350,520,5,4,2
824,Town House Menteng Dalam,2900000000,150,120,2,2,0
825,NEW TOWNHOUSE WITH PRIVATE POOL AT BIDAKARA TEBET JAKARTA SELATAN,12500000000,600,208,4,5,4
826,Rumah Siap Huni Tebet Jalan 2 Mobil Dijual Cepat,3000000000,160,140,4,3,1
827,Rumah Tebet Barat,30000000000,500,703,7,4,8
828,Rumah bagus siap huni dengan lokasi strategis dekat dengan supomo dan casablanca di jalan 1 mobil,4750000000,200,150,5,5,2
829,Rumah Termurah Akses Jalan 2 Mobil Luas Tanah 268 M Di Tebet Barat,6900000000,400,268,5,4,3
830,For Sale Single House at Tebet & Condition Semi Furnished HSE-A0330,10000000000,300,368,4,4,3
831,Rumah Bagus Dan Elite Di Kawasan Tebet Yang Pretigous,6700000000,250,125,3,3,3
832,Tebet Dijual Rumah Tinggal asri . nyaman. Tenang,9000000000,350,300,4,4,0
833,"4 Bedrooms House Tebet, Jakarta Selatan, DKI Jakarta",2800000000,200,110,4,3,2
834,"5 Bedrooms House Tebet, Jakarta Selatan, DKI Jakarta",3000000000,180,135,5,4,3
835,Rumah Minimalis bagus Tebet Utara,4100000000,220,110,4,3,2
836,Dijual Rumah di Tebet Hunian Mewah dan Nyaman,30000000000,498,750,6,6,0
837,Rumah Siap Huni Di Tebet Dalam Jakarta Selatan,3500000000,162,149,4,2,2
838,"Dijual Rumah Mewah Full Furnish Di Tebet, Jakarta Selatan",35000000000,800,700,6,7,10
839,RumahKomersil di Tebet Timur Raya,22000000000,776,776,4,3,4
840,Rumah modern semi klasik di Tebet,30000000000,800,498,6,6,9
841,"Rumah Dekat Jalan Utama Bukitduri, Hanya 2 Rumah Dari Jalan Besar",2000000000,128,148,4,3,2
842,JUAL CEPAT RUMAH MEWAH CLASSIC MODERN BEBAS BANJIR LOKASI PREMIUM TEBET,25000000000,550,485,5,4,4
843,"Dijual murah, hitung tanah, tebet timur dalam",9500000000,380,386,7,4,4
844,Dijual sangat murah rumah baru daerah tebet,4600000000,250,151,5,3,4
845,Dijual cepat rumah Tebet timur jakarta selatan,6000000000,168,221,5,3,2
846,"Brand New Minimalis 3 Lantai Tebet Dijual Cepat, Lokasi Strategis",2350000000,160,80,4,3,1
847,Dijual Rumah Tebet Barat Lokasi Strategis Nyaman Jalan 1 Mobil,2600000000,140,84,3,2,1
848,Rumah Siap Huni Di Lokasi Premium Tebet Barat Dalam,9000000000,300,287,4,3,1
849,Rumah Cantik Minimalis Tebet,2600000000,150,90,3,2,1
850,"rumah tebet dalam, hoek, SHM",12000000000,470,270,5,4,1
851,Rumah Baru Minimalis Tebet ,2700000000,90,78,3,2,0
852,Cluster Baru Minimalis Modern Jaya Mandala Tebet Jakarta Selatan,14500000000,600,208,4,4,2
853,"Rumah di Kasablangka, Tebet, Menteng, Jakarta Selatan",3750000000,127,180,4,4,2
854,Rumah Mewah Murah Dalam Komplek Di Tebet,6000000000,325,225,7,5,2
855,Rumah Standard Hitung Tanah Di Tebet Dalam Jakarta Selatan,7500000000,150,253,5,2,0
856,Rumah Standard Di Tebet Dalam Jakarta Selatan,5200000000,300,260,7,3,1
857,Rumah Strategis Siap Huni Di Raya Tebet Jakarta Selatan,4900000000,250,266,3,2,1
858,Rumah Tua Strategis Di Tebet Raya Jakarta Selatan,17500000000,750,724,4,2,3
859,Rumah Mewah Hook Siap Huni Dan Terawat Di Gudang Peluru Tebet,10900000000,646,428,5,5,6
860,Rumah Cantik Dan Luas Di Tebet Jakarta Selatan,9000000000,300,388,4,3,1
861,Rumah Strategis Di Tebet Jakarta Selatan,6500000000,168,221,5,2,1
862,Rumah di Tebet Jakarta Selatan,25000000000,600,1000,10,10,10
863,"5 Bedrooms House Tebet, Jakarta Selatan, DKI Jakarta",6000000000,300,150,5,4,2
864,Rumah Murah Tebet,3300000000,120,90,4,4,1
865,"Rumah 2 Lantai di Tebet, Jakarta Selatan",1100000000,100,50,2,1,0
866,Rumah di Tebet,5000000000,410,205,3,3,1
867,Tebet Rumah lama hitung tanah,2500000000,100,150,3,2,0
868,"Rumah Tebet Barat Dalam, Jakarta Selatan, Lokasi Strategis",3500000000,160,118,4,4,2
869,"4 Bedrooms House Tebet, Jakarta Selatan, DKI Jakarta",3000000000,160,90,4,3,1
870,Rumah Baru Hook Modern Minimalis Strategis Siap Huni Di Tebet Timur,3300000000,180,110,4,4,2
871,"Rumah Di Tebet Timur Dalam, Jakarta Selatan, Siap Huni, Semi Furnished",4400000000,250,130,4,3,2
872,Rumah Asri Di Tebet Timur Tebet Jakarta Selatan,4250000000,200,150,5,3,4
873,"Rumah Siap Huni Tebet Raya, Lingkungan Tenang nyaman, & Strategis",11000000000,275,305,5,3,1
874,Dijual rumah di tebet timur 2 lantai,3000000000,120,90,4,4,1
875,Dijual rumah di tebet barat,2500000000,140,88,4,3,0
876,Rumah Siap Huni Jalanan 3 Mobil Di Tebet,8800000000,150,205,5,2,2
877,TERJUAL Tebet Rumah Siap Huni Jalan Dua Mobil 300 Meter dari Mt Haryono,5500000000,300,248,5,4,3
878,"3 Bedrooms House Tebet, Jakarta Selatan, DKI Jakarta",2200000000,160,100,3,2,1
879,"5 Bedrooms House Tebet, Jakarta Selatan, DKI Jakarta",6000000000,250,170,5,5,3
880,"4 Bedrooms House Tebet, Jakarta Selatan, DKI Jakarta",7000000000,300,240,4,3,4
881,"Rumah Bagus 2 Lantai, Bebas Banjir, Tenang Di Tebet, Jakarta Selatan",10500000000,500,345,6,4,2
882,Dijual Rumah Luas di Tebet Jakarta Selatan,3500000000,335,140,5,4,0
883,"Rumah Mewah 2 Lt Design Apik di Tebet Barat, Jakarta Selatan",6000000000,350,210,5,5,1
884,Rumah Tebet Barat,3800000000,150,130,3,2,1
885,"Rumah Murah Minimalis Di Tebet Timur, Tebet Jakarta Selatan",5500000000,250,140,5,3,1
886,"Dijual rumah murah dan cepat aja di Kebon Baru, Tebet",2500000000,200,122,4,2,1
887,"Rumah second bangunan kokoh dan terawat dalam komplek Gudang Peluru , Tebet , Jakarta Selatan",7500000000,480,290,5,3,2
888,Rumah Mewah di Menteng Dalam - Tebet,6800000000,375,130,4,5,4
889,Rumah Mewah di Tebet,12500000000,480,312,4,3,2
890,"Jl. Tebet Raya, Kec. Tebet, Kota Jakarta Selatan, Daerah Khusus Ibukota Jakarta 12810, Indonesia",9500000000,300,368,5,4,2
891,Dijual rumah Tebet Jakarta Selatan,6000000000,150,200,5,4,2
892,Dijual Segera Rumah Tebet Timur Jakarta Selatan,3500000000,240,130,5,6,2
893,Dijual rumah di Tebet,9000000000,350,305,4,4,3
894,Dijual rumah siap huni di Tebet,8000000000,350,178,8,6,2
895,Dijual rumah di tebet timur raya,20000000000,440,660,9,5,5
896,"Rumah Brand New Posisi Depan Tama Di Tebet Barat, 3 Lantai",9700000000,450,248,5,6,1
897,Rumah Tebet Timur Dalam - RSH,3600000000,100,130,3,3,0
898,"4 Bedrooms House Tebet, Jakarta Selatan, DKI Jakarta",4200000000,180,120,4,3,2
899,Rumah tebet barat dalam,9000000000,350,240,6,4,3
900,Rumah Minimalis di Tebet,950000000,130,92,4,2,0
901,"Dijual Rumah Di Tebet Barat, Tebet, Jakarta Selatan",16450000000,700,550,6,6,0
902,"Dijual Rumah Di Tebet Lokasi Bagus, Tebet, Jakarta Selatan",7500000000,320,360,7,4,0
903,"Rumah Di Tebet,Lt270/375m,2 Lantai,Dkt Gatot Subroto",8700000000,375,265,5,4,4
904,Rumah Siap Huni Di Tebet Akses Mudah Dekat Ke Supomo Pancoran,3500000000,230,150,5,4,2
905,Dekat Jalan Soepomo Dan Mall Kota Kasablanka. Fasilitas Terdekat Baik.,25000000000,400,932,7,5,9
906,Rumah Second di Kebon Baru Tebet Jakarta Selatan,13000000000,800,370,6,5,4
907,Town House di Tebet Jakarta Selatan,3750000000,120,150,2,2,2
908,Good House Tebet,10000000000,450,750,8,6,1
909,Rumah Bagus di Daerah Tebet,1600000000,80,80,4,3,1
910,Tebet Rumah Mewah Minimalis 2 Lantai,4500000000,320,146,5,5,3
911,"Rumah Di Tebet Dalam Akses 2 Mobil Besar, Jakarta Selatan",13500000000,235,256,3,2,2
912,"3 Bedrooms House Tebet, Jakarta Selatan, DKI Jakarta",2000000000,100,90,3,2,1
913,"Tebet Rumah Bagus Minimalis Modern, jakarta Selatan",9000000000,211,234,7,5,4
914,Rumah mewah baru minimalia di Tebet utara,5800000000,280,170,5,4,2
915,"4 Bedrooms House Tebet, Jakarta Selatan, DKI Jakarta",3200000000,160,135,4,3,1
916,"Rumah Kebon Baru, Tebet, Jakarta Selatan, Hoek, Lokasi Strategis",2400000000,154,147,3,2,1
917,Rumah Tebet Siap Huni Jalan 2 Mobil,6750000000,350,210,4,4,2
918,"Tebet Rumah Classic, Jakarta Selatan",2400000000,75,101,2,1,2
919,Dijual Rumah Tebet Barat Lokasi Strategis Nyaman Jalan 1 Mobil,3100000000,150,95,3,3,2
920,Rumah siap huni di Tebet,11000000000,399,384,4,4,0
921,"Dijual Rumah Bangunan 2 Lantai di Tebet, Jakarta Selatan",28000000000,500,703,8,4,6
922,Rumah seken di Asem baris dekat St. cawang,650000000,50,55,2,1,0
923,Komplek telkom kebon baru,5750000000,350,240,7,5,0
924,Dijual Rumah Di Tebet Jakarta Selatan 3 Kmr 150m2 Nyaman Harga Best,2800000000,150,90,3,3,1
925,Rumah Baru Tebet,3200000000,170,90,4,4,0
926,Rumah mewah tebet,23000000000,750,610,8,6,0
927,Rumah TEBET,1600000000,80,80,4,3,0
928,Rumah Lama Tebet Timur Dalam,2400000000,100,130,4,2,1
929,Rumah Mewah 3 Lantai di Tebet Jakarta Selatan,6000000000,450,260,7,4,0
930,"Rumah Minimalis Clasik Tebet Barat, Jakarta Selatan",4500000000,251,106,4,3,2
931,"Dijual Rumah di Kebon Baru, Tebet, dekat stasiun Ka cawang",3000000000,200,200,4,3,0
932,"Rumah, Bukit Duri Tebet Jakarta, Jalan 2mobil, 162m, Dekat Kokas, BU",2100000000,162,162,3,3,2
933,"Tebet Rumah siap huni, jalan lebar, lokasi ok",5800000000,180,141,4,3,2
934,"Tebet Rumah hitung tanah, jalan lebar",9300000000,385,386,6,4,4
935,Rumah Tebet Dijual Cepat Dengan Lokasi Strategis,2000000000,130,100,3,2,1
936,"5 Bedrooms House Tebet, Jakarta Selatan, DKI Jakarta",35000000000,400,600,5,3,4
937,"4 Bedrooms House Tebet, Jakarta Selatan, DKI Jakarta",4000000000,200,140,4,3,2
938,"8 Bedrooms House Tebet, Jakarta Selatan, DKI Jakarta",6500000000,250,180,8,4,1
939,"3 Bedrooms House Tebet, Jakarta Selatan, DKI Jakarta",2850000000,160,135,3,2,2
940,Dijual Rumah Minimalis 3 Lantai ada Kolam Renang di Tebet,6800000000,300,200,5,5,4
941,Rumah Brand New Di Tebet Dekat Ke Jalan 3 Mobil Lt 112meter,3500000000,150,112,3,4,1
942,Rumah Siap Huni @ Tebet,3500000000,160,110,4,4,2
943,Rumah Mewah Bukit Duri,10500000000,800,457,7,5,2
944,Rumah Mewah Harga Murah Siap Huni Akses Strategis Di Tebet Pancoran,12500000009,480,312,6,4,4
945,Rumah Asem Baris Tebet,5500000000,265,250,4,3,2
946,"Dijual rumah di komplek gudang peluru Tebet, Jakarta Selatan",5700000000,250,162,4,4,2
947,"Dijual Rumah di Tebet Barat, Jakarta Selatan ~ Lokasi Bagus Jalan Dua Mobil",26000000000,550,485,4,3,2
948,Rumah 2 lantai di Tebet Dalam,3000000000,90,160,5,4,1
949,"Rumah Tebet Lokasi Strategis, Luas Pusat Bisnis. Dekat Kuningan",9500000000,385,380,5,4,2
950,Rumah Minimalis Di Tebet,3750000000,160,110,3,3,2
951,Dijual cepat dan murah rumah startegis di Tebet Jakarta Selatan,3600000000,150,340,6,4,0
952,Rumah Di Tebet Nyaman Aman Strategis Jalanan Besar 2 Mobil Bebas Banjir,6500000000,170,89,3,3,1
953,Rumah Mewah 2 Lantai Di Asem Baris,7500000000,300,325,5,4,2
954,Rumah Mungil Di Tebet Siap Huni,2500000000,120,60,3,4,1
955,Rumah mininalis tebet,3900000000,200,130,5,4,1
956,Rumah Lux Tebet,16000000000,450,310,5,5,1
957,Rumah tebet,18000000000,300,538,5,5,0
958,Rumah tebet raya,18500000000,330,360,7,7,0
959,Rumah Baru Di Tebet Timur Lokasi Strategis,3999999999,200,130,4,3,2
960,Rumah Cantik Di Tebet Dekat Supomo Pancoran Kuningan Gatot Subroto,5800000000,170,141,4,3,1
961,"TEBET - Kondisi Bagus, Dekat Jalan 2 Mobil",3900000000,170,100,5,3,2
962,"TEBET - Siap Huni, Terawat, Tengah Kota, Strategis",3100000000,180,103,3,3,2
963,TEBET - Bagus Untuk Investasi dan Harga Sangat Menarik,3000000000,150,139,3,3,1
964,"TEBET - Jalan 2 Mobil Lebar, Strategis",14000000000,440,393,6,6,6
965,TEBET - Siap Huni Lokasi Bagus,13500000000,352,394,6,4,2
966,"TEBET - Rumah Bagus, Siap Huni",4000000000,200,135,4,3,2
967,TEBET - Rumah Baru,3500000000,120,90,3,2,2
968,"TEBET - Siap Huni, Kondisi Sangat Terawat",4300000000,300,180,5,4,2
969,"TEBET - Area Tenang, Aman dan Nyaman",3900000000,180,154,4,3,2
970,Tebet - Dijual Rumah Mewah Klasik,19000000512,800,361,5,5,5
971,"Tebet rumah minimalis modern, jakarta selatan",2750000000,210,91,5,4,1
972,"Dijual Rumah sangat strategis di Tebet Barat, dekat sekolah, stasiun, Tebet Mas",2900000000,175,134,5,2,1
973,Rumah Tingkat 2 Lantai Di Komplek Gudang Peluru Tebet Jakarta Selatan,9500000000,500,345,8,5,4
974,Dijual Rumah Cantik Di Tebet Akses Jalan Lebar,23000000000,700,987,4,4,4
975,"Di Jual Rumah Mewah Sangat Strategis Di Tebet Akses Jalan 2mobil Lebar, Rumah Menghadap Selatan",21000000000,700,547,4,4,7
976,Di jual rumah 2nd di tebet barat,2600000000,150,90,3,2,0
977,Di jual rumah di jl persada raya,4000000000,200,220,7,3,1
978,Rumah strategis tebet barat,22900000000,700,650,3,3,2
979,"Rumah Baru Semi Furnished Depan TAMAN dekat Gelael, Tebet Barat, Jakarta Selatan",4000000000,180,105,5,4,1
980,"Rumah Tebet Barat Dalam - Jakarta Selatan, Tebet, Jakarta Selatan",3200000000,137,86,4,2,1
981,"4 Bedrooms House Tebet, Jakarta Selatan, DKI Jakarta",2600000000,160,93,4,4,1
982,Di Jual Rumah Cantik di Tebet Jalan 1 Mobil Jakarta Selatan,6300000000,250,180,4,3,1
983,Rumah Brand New Minimalis Modern Bebas Banjir di Tebet,3400000000,160,110,3,3,1
984,"4 Bedrooms House Tebet, Jakarta Selatan, DKI Jakarta",3250000000,200,90,4,3,1
985,Dijual Rumah Cantik Minimalis Di Tebet Dekat Taman,3000000000,150,95,4,4,1
986,Rumah Murah Siap Huni Akses 2 Mobil Tebet Timur Jak Sel,4100000000,180,155,4,3,1
987,Rumah Strategis Cocok Untuk Usaha Posisi Huk Di Tebet Timur,6500000000,130,160,4,1,2
988,Rumah Murah Akses Mobil Di Tebet Barat Jak Sel,1800000000,90,100,2,1,0
989,Rumah Strategis Siap Huni Akses 1mobil Di Tebet Barat,3500000000,150,135,4,3,1
990,Rumah Siap Huni Hanya 50meter Ke Jalan Asembaris Raya,2100000000,100,126,2,2,1
991,Rumah 2lantai Strategis Akses 2mobil Lokasi Asembaris Tebet,3000000000,200,125,2,2,1
992,Rumah Asri Siap Huni Strategis Lokasi Asembaris Bebas Banjir,2150000000,128,135,3,2,1
993,"Rumah Baru 2,5 Lantai Akses 1mobil Lokasi Tebet Timur",3000000000,200,90,3,2,2
994,Rumah Bagus Siap Huni Tebet Barat Jak Sel,3250000000,120,104,4,3,1
995,Rumah Sederhana Di Tebet Timur Jak Sel,1750000000,85,90,2,1,1
996,Rumah Murah Sekali Siap Huni Akses Gg 2 Motor Di Lap Roos Tebet,1500000000,200,170,7,2,0
997,Rumah Siap Huni Ada Kosan 4pintu Lokasi Tebet Barat Jak Sel,3800000000,200,145,8,8,1
998,Rumah Strategis Siap Huni Akses 1mobil Dekat Pasar Tebet Jak Sel,2500000000,120,100,3,2,1
999,Rumah Lama Layak Huni Akses 2 Mbl Bs Utk Kosan Di Menteng Dlm Jak Sel,4200000000,250,206,5,4,1
1000,Rumah Siap Huni Akses 2mobil Strategis Di Asembaris Tebet,1100000000,70,70,2,1,0
1001,Rumah Siap Huni 2lantai Akses 1mobil Di Asembaris Tebet,950000000,100,60,3,1,0
1002,Rumah Baru Siap Huni Akses 2mobil Semi Furnised Lokasi Tebet Utara,4500000000,128,90,3,3,1
1003,Rumah Siap Huni Posisi Huk Akses 2mobil 200meter Kejalan Supomo,7000000000,150,110,4,3,1
1004,Rumah 2lantai Akses 2mobil Di Bukit Duri Tebet Jaksel,600000000,60,30,2,2,0
1005,Rumah Strategis 100meter Ke Jl Supomo Di Menteng Dalam Tebet Jak Sel,2600000000,100,140,3,2,1
1006,Rumah Strategis Akses Jalan 2mobil Di Menteng Dalam Tebet Jak Sel,9000000000,450,550,10,10,3
1007,Tebet Rumah Siap Huni Jln 2 Mbl Nyaman,4000000000,160,140,4,3,2
1008,"Di Kebun Baru Rumah Terawat, Area Strategis",4000000000,139,230,4,4,1
1009,Dijual Cepat Rumah Komp Depkeu Dr Soepomo Tebet Jakarta Selatan,19000000000,360,606,7,4,0
1010,Dijual Rumah Kokoh Di Gudang Peluru,10500000000,420,430,7,4,2
